,学校名称,学校简称,学校性质,学校等级,升学方式,咨询电话,学校地址,学校网址,对口中学,划片小区,小区详细
0,北京市朝阳区芳草地国际学校,芳草地国际学校/芳草地小学,公办,市重点,直升、派位,010-85635120,北京市朝阳区日坛北路1号,http://www.fcd.com.cn,北京陈经纶中学/,芳草苑公寓 , 6号楼
0,北京市朝阳区芳草地国际学校,芳草地国际学校/芳草地小学,公办,市重点,直升、派位,010-85635120,北京市朝阳区日坛北路1号,http://www.fcd.com.cn,北京陈经纶中学/,东大桥路 , 1号楼、3号楼、5号楼、甲6号楼、7号楼、14号楼、16号楼、甲16号楼、18号楼、19号楼、21号楼、22号楼、23号楼、24号楼、25号楼、27号楼、29号楼、甲29号楼、31号楼、甲31号楼、33号楼、35号楼
0,北京市朝阳区芳草地国际学校,芳草地国际学校/芳草地小学,公办,市重点,直升、派位,010-85635120,北京市朝阳区日坛北路1号,http://www.fcd.com.cn,北京陈经纶中学/,东大桥东里 , 12号楼、14号楼
0,北京市朝阳区芳草地国际学校,芳草地国际学校/芳草地小学,公办,市重点,直升、派位,010-85635120,北京市朝阳区日坛北路1号,http://www.fcd.com.cn,北京陈经纶中学/,芳草地西街 , 5号楼、8号楼、9号楼、10号楼、11号楼、12号楼、23号楼北楼、23号楼南楼
0,北京市朝阳区芳草地国际学校,芳草地国际学校/芳草地小学,公办,市重点,直升、派位,010-85635120,北京市朝阳区日坛北路1号,http://www.fcd.com.cn,北京陈经纶中学/,芳草地北巷 , 1号楼、2号楼、3号楼
0,北京市朝阳区芳草地国际学校,芳草地国际学校/芳草地小学,公办,市重点,直升、派位,010-85635120,北京市朝阳区日坛北路1号,http://www.fcd.com.cn,北京陈经纶中学/,日坛北路2号院 , 1号楼、2号楼、3号楼、4号楼、5号楼
0,北京市朝阳区芳草地国际学校,芳草地国际学校/芳草地小学,公办,市重点,直升、派位,010-85635120,北京市朝阳区日坛北路1号,http://www.fcd.com.cn,北京陈经纶中学/,天福园 , 1号楼、3号楼、4号楼、5号楼、6号楼
0,北京市朝阳区芳草地国际学校,芳草地国际学校/芳草地小学,公办,市重点,直升、派位,010-85635120,北京市朝阳区日坛北路1号,http://www.fcd.com.cn,北京陈经纶中学/,化家楼 , 化家楼
0,北京市朝阳区芳草地国际学校,芳草地国际学校/芳草地小学,公办,市重点,直升、派位,010-85635120,北京市朝阳区日坛北路1号,http://www.fcd.com.cn,北京陈经纶中学/,日坛北路甲4甲5号院 , 甲4号楼、甲5号楼
0,北京市朝阳区芳草地国际学校,芳草地国际学校/芳草地小学,公办,市重点,直升、派位,010-85635120,北京市朝阳区日坛北路1号,http://www.fcd.com.cn,北京陈经纶中学/,画家东楼 , 0号楼
0,中国传媒大学附属小学,传媒附小/定福庄第二小学,公办,市重点,九年一贯制,010-65761108,朝阳区福庄南里2号,中国传媒大学附属中学/,定福庄西街 , 甲1号楼、1号楼、甲1号楼(3层)、2号楼、4号楼、5号楼、6号楼、7号楼、8号楼、9号楼、10号楼、11号楼、12号楼、13号楼、14号楼、15号楼、16号楼、18号楼、19号楼、20号楼、21号楼、22号楼、23号楼、24号楼、26号楼,
0,中国传媒大学附属小学,传媒附小/定福庄第二小学,公办,市重点,九年一贯制,010-65761108,朝阳区福庄南里2号,中国传媒大学附属中学/,珠江绿洲 , 1号楼、2号楼、5号楼、6号楼、7号楼、8号楼、9号楼、10号楼、11号楼、12号楼、15号楼、16号楼、17号楼、18号楼、19号楼、20号楼,
0,中国传媒大学附属小学,传媒附小/定福庄第二小学,公办,市重点,九年一贯制,010-65761108,朝阳区福庄南里2号,中国传媒大学附属中学/,金星园 , 1号楼、2号楼、3号楼、4号楼、5号楼、6号楼、甲6号楼、10号楼、11号楼、12号楼、15号楼、16号楼、18号楼,
0,中国传媒大学附属小学,传媒附小/定福庄第二小学,公办,市重点,九年一贯制,010-65761108,朝阳区福庄南里2号,中国传媒大学附属中学/,福怡苑 , 1号楼、2号楼、3号楼、4号楼、5号楼、7号楼、8号楼、9号楼、10号楼、11号楼、13号楼、14号楼、15号楼、16号楼、17号楼,
0,中国传媒大学附属小学,传媒附小/定福庄第二小学,公办,市重点,九年一贯制,010-65761108,朝阳区福庄南里2号,中国传媒大学附属中学/,美然动力A2区 , 11号楼、12号楼、13号楼、14号楼,
0,中国传媒大学附属小学,传媒附小/定福庄第二小学,公办,市重点,九年一贯制,010-65761108,朝阳区福庄南里2号,中国传媒大学附属中学/,美然动力A3区 , 1号楼、2号楼、3号楼、4号楼、5号楼、6号楼、7号楼、8号楼、9号楼、10号楼,
0,中国传媒大学附属小学,传媒附小/定福庄第二小学,公办,市重点,九年一贯制,010-65761108,朝阳区福庄南里2号,中国传媒大学附属中学/,花园闸小区 , 6号楼、7号楼、8号楼、9号楼、10号楼、11号楼、14号楼、15号楼、16号楼、17号楼、18号楼、19号楼,
0,中国传媒大学附属小学,传媒附小/定福庄第二小学,公办,市重点,九年一贯制,010-65761108,朝阳区福庄南里2号,中国传媒大学附属中学/,电建北院 , 1号楼、2号楼、3号楼、4号楼、5号楼、6号楼、7号楼、8号楼、9号楼、10号楼、13号楼、14号楼、15号楼、16号楼、17号楼、18号楼,
0,中国传媒大学附属小学,传媒附小/定福庄第二小学,公办,市重点,九年一贯制,010-65761108,朝阳区福庄南里2号,中国传媒大学附属中学/,绿岛苑西区 , 1号楼、2号楼、3号楼、4号楼、5号楼,
0,中国传媒大学附属小学,传媒附小/定福庄第二小学,公办,市重点,九年一贯制,010-65761108,朝阳区福庄南里2号,中国传媒大学附属中学/,美然动力A1区 , 1号楼、2号楼、3号楼、4号楼,
0,中国传媒大学附属小学,传媒附小/定福庄第二小学,公办,市重点,九年一贯制,010-65761108,朝阳区福庄南里2号,中国传媒大学附属中学/,定福庄北里2号院 , 1号楼、2号楼、3号楼、4号楼、5号楼、6号楼、7号楼、8号楼、9号楼、10号楼、11号楼、12号楼、13号楼、14号楼、15号楼、16号楼、17号楼、18号楼、20号楼、21号楼、22号楼,
0,中国传媒大学附属小学,传媒附小/定福庄第二小学,公办,市重点,九年一贯制,010-65761108,朝阳区福庄南里2号,中国传媒大学附属中学/,金福家园 , 16号楼、17号楼、19号楼、20号楼、21号楼、22号楼,
0,中国传媒大学附属小学,传媒附小/定福庄第二小学,公办,市重点,九年一贯制,010-65761108,朝阳区福庄南里2号,中国传媒大学附属中学/,金星小区 , 1号楼、2号楼、3号楼、4号楼、5号楼、6号楼、7号楼、8号楼、9号楼、10号楼、11号楼、12号楼、13号楼、14号楼,
0,中国传媒大学附属小学,传媒附小/定福庄第二小学,公办,市重点,九年一贯制,010-65761108,朝阳区福庄南里2号,中国传媒大学附属中学/,东领鉴筑 , 1号楼、3号楼、5号楼,
0,中国传媒大学附属小学,传媒附小/定福庄第二小学,公办,市重点,九年一贯制,010-65761108,朝阳区福庄南里2号,中国传媒大学附属中学/,妇联小区 , 1号楼、2号楼、3号楼、4号楼、5号楼、6号楼、7号楼、8号楼、9号楼、10号楼、11号楼、13号楼、14号楼、15号楼、甲8号楼,
0,中国传媒大学附属小学,传媒附小/定福庄第二小学,公办,市重点,九年一贯制,010-65761108,朝阳区福庄南里2号,中国传媒大学附属中学/,绿岛苑东区 , 1号楼、2号楼、3号楼、4号楼、5号楼、6号楼、7号楼、8号楼,
0,中国传媒大学附属小学,传媒附小/定福庄第二小学,公办,市重点,九年一贯制,010-65761108,朝阳区福庄南里2号,中国传媒大学附属中学/,定福庄南里1号院 , 3号楼、4号楼、5号楼、6号楼、7号楼、8号楼、9号楼、10号楼、11号楼,
0,中国传媒大学附属小学,传媒附小/定福庄第二小学,公办,市重点,九年一贯制,010-65761108,朝阳区福庄南里2号,中国传媒大学附属中学/,瑞和国际 , 1号楼、2号楼、3号楼、4号楼、5号楼、6号楼、7号楼、8号楼、9号楼,
0,中国传媒大学附属小学,传媒附小/定福庄第二小学,公办,市重点,九年一贯制,010-65761108,朝阳区福庄南里2号,中国传媒大学附属中学/,福盈家园 , 1号楼(1号院)、1号楼(2号院)、1号楼(4号院)、2号楼(1号院)、2号楼(4号院)、7号楼(4号院),
0,中国传媒大学附属小学,传媒附小/定福庄第二小学,公办,市重点,九年一贯制,010-65761108,朝阳区福庄南里2号,中国传媒大学附属中学/,定福庄东街 , 1号楼、2号楼、3号楼、4号楼、5号楼,
0,中国传媒大学附属小学,传媒附小/定福庄第二小学,公办,市重点,九年一贯制,010-65761108,朝阳区福庄南里2号,中国传媒大学附属中学/,定福庄南里3号院 , 1号楼、2号楼、3号楼、4号楼、5号楼,
0,中国传媒大学附属小学,传媒附小/定福庄第二小学,公办,市重点,九年一贯制,010-65761108,朝阳区福庄南里2号,中国传媒大学附属中学/,定福庄南里4号院 , 1号楼、2号楼,
0,中国传媒大学附属小学,传媒附小/定福庄第二小学,公办,市重点,九年一贯制,010-65761108,朝阳区福庄南里2号,中国传媒大学附属中学/,定福庄西里2号院 , 宿舍楼、1号楼、2号楼、3号楼、4号楼、5号楼,
0,北京市朝阳区白家庄小学,白家庄小学,公办,市重点,派位,010-65074746,朝阳区核桃园北里甲2号（1-2年级），朝阳区三里屯南路40号（3-6年级）,http://www.tfbx.net,北京陈经纶中学/北京市第八十中学/,富力爱丁堡公馆 , A1号楼、A2号楼
0,北京市朝阳区白家庄小学,白家庄小学,公办,市重点,派位,010-65074746,朝阳区核桃园北里甲2号（1-2年级），朝阳区三里屯南路40号（3-6年级）,http://www.tfbx.net,北京陈经纶中学/北京市第八十中学/,核桃园北里 , 1号楼、2号楼、3号楼、甲3号楼、4号楼、5号楼、6号楼、7号楼、8号楼、9号楼、10号楼、11号楼、12号楼、13号楼
0,北京市朝阳区白家庄小学,白家庄小学,公办,市重点,派位,010-65074746,朝阳区核桃园北里甲2号（1-2年级），朝阳区三里屯南路40号（3-6年级）,http://www.tfbx.net,北京陈经纶中学/北京市第八十中学/,农丰里 , 1号楼、2号楼、3号楼、4号楼、5号楼、6号楼、7号楼、8号楼
0,北京市朝阳区白家庄小学,白家庄小学,公办,市重点,派位,010-65074746,朝阳区核桃园北里甲2号（1-2年级），朝阳区三里屯南路40号（3-6年级）,http://www.tfbx.net,北京陈经纶中学/北京市第八十中学/,中纺里 , 1号楼、26号楼、2号楼、3号楼、4号楼、5号楼、6号楼、7号楼、8号楼、9号楼、10号楼、11号楼、12号楼、13号楼、甲11号楼、14号楼、15号楼、16号楼、17号楼、18号楼、19号楼、21号楼、22号楼、23号楼、27号楼、28号楼、29号楼、30号楼、31号楼、37号楼、39号楼、40号楼
0,北京市朝阳区白家庄小学,白家庄小学,公办,市重点,派位,010-65074746,朝阳区核桃园北里甲2号（1-2年级），朝阳区三里屯南路40号（3-6年级）,http://www.tfbx.net,北京陈经纶中学/北京市第八十中学/,关东店北街 , 14号楼、15号楼、16号楼、17号楼、18号楼、19号楼、20号楼、21号楼、22号楼
0,北京市朝阳区白家庄小学,白家庄小学,公办,市重点,派位,010-65074746,朝阳区核桃园北里甲2号（1-2年级），朝阳区三里屯南路40号（3-6年级）,http://www.tfbx.net,北京陈经纶中学/北京市第八十中学/,三里屯南路 , 4号楼、6号楼、14号楼、18号楼、20号楼
0,北京市朝阳区白家庄小学,白家庄小学,公办,市重点,派位,010-65074746,朝阳区核桃园北里甲2号（1-2年级），朝阳区三里屯南路40号（3-6年级）,http://www.tfbx.net,北京陈经纶中学/北京市第八十中学/,白家庄北里 , 5号楼、6号楼、7号楼、8号楼
0,北京市朝阳区白家庄小学,白家庄小学,公办,市重点,派位,010-65074746,朝阳区核桃园北里甲2号（1-2年级），朝阳区三里屯南路40号（3-6年级）,http://www.tfbx.net,北京陈经纶中学/北京市第八十中学/,东大桥斜街 , 甲1号楼、2号楼
0,北京市朝阳区白家庄小学,白家庄小学,公办,市重点,派位,010-65074746,朝阳区核桃园北里甲2号（1-2年级），朝阳区三里屯南路40号（3-6年级）,http://www.tfbx.net,北京陈经纶中学/北京市第八十中学/,白家庄西里 , 2号楼、4号楼、6号楼、8号楼、甲8号楼、10号楼、12号楼、14号楼
0,北京市朝阳区白家庄小学,白家庄小学,公办,市重点,派位,010-65074746,朝阳区核桃园北里甲2号（1-2年级），朝阳区三里屯南路40号（3-6年级）,http://www.tfbx.net,北京陈经纶中学/北京市第八十中学/,向军北里 , 22号楼
0,北京市朝阳区白家庄小学,白家庄小学,公办,市重点,派位,010-65074746,朝阳区核桃园北里甲2号（1-2年级），朝阳区三里屯南路40号（3-6年级）,http://www.tfbx.net,北京陈经纶中学/北京市第八十中学/,中纺东里 , 23号楼、24号楼、25号楼、26号楼、29号楼
0,北京市朝阳外国语学校分校,朝阳外国语分校,公办,普通,九年一贯制,010-84922680,北京市朝阳区来广营地区北苑清河营中街（中国铁建国际城小区北侧）,http://www.cyfls.net/,北京市朝阳外国语学校分校/,华贸城 , 3号楼、4号楼、5号楼、8号楼、10号楼、11号楼、12号楼、13号楼、14号楼、16号楼、18号楼、25号楼、26号楼、27号楼、28号楼、华贸天地
0,北京市朝阳外国语学校分校,朝阳外国语分校,公办,普通,九年一贯制,010-84922680,北京市朝阳区来广营地区北苑清河营中街（中国铁建国际城小区北侧）,http://www.cyfls.net/,北京市朝阳外国语学校分校/,世华泊郡 , 1号楼、2号楼、3号楼、4号楼、5号楼、7号楼、8号楼、6号楼、9号楼、11号楼、12号楼、14号楼、15号楼、16号楼、17号楼、21号楼
0,北京市朝阳外国语学校分校,朝阳外国语分校,公办,普通,九年一贯制,010-84922680,北京市朝阳区来广营地区北苑清河营中街（中国铁建国际城小区北侧）,http://www.cyfls.net/,北京市朝阳外国语学校分校/,天润福熙大道 , A6号楼、C1号楼(现11号楼)、C2号楼、C3号楼、C4号楼、C5号楼、C6号楼、C7号楼、C8号楼
0,北京市朝阳外国语学校分校,朝阳外国语分校,公办,普通,九年一贯制,010-84922680,北京市朝阳区来广营地区北苑清河营中街（中国铁建国际城小区北侧）,http://www.cyfls.net/,北京市朝阳外国语学校分校/,立城苑 , 1号楼、2号楼、3号楼、4号楼、5号楼、6号楼、7号楼
0,北京市朝阳外国语学校分校,朝阳外国语分校,公办,普通,九年一贯制,010-84922680,北京市朝阳区来广营地区北苑清河营中街（中国铁建国际城小区北侧）,http://www.cyfls.net/,北京市朝阳外国语学校分校/,塞纳维拉 , 1号楼、2号楼、3号楼、4号楼、5号楼、6号楼、7号楼、8号楼、9号楼、10号楼、11号楼、12号楼、13号楼、14号楼、15号楼、16号楼、17号楼、18号楼、19号楼、20号楼、21号楼、22号楼、23号楼、24号楼、25号楼、26号楼、27号楼、28号楼、29号楼、30号楼、31号楼、32号楼、33号楼、34号楼、35号楼、36号楼、37号楼、38号楼、39号楼、40号楼、41号楼、42号楼、43号楼、44号楼、45号楼
0,北京市朝阳外国语学校分校,朝阳外国语分校,公办,普通,九年一贯制,010-84922680,北京市朝阳区来广营地区北苑清河营中街（中国铁建国际城小区北侧）,http://www.cyfls.net/,北京市朝阳外国语学校分校/,中国铁建国际城 , 1号楼、2号楼、3号楼、4号楼、5号楼、6号楼、7号楼、8号楼、9号楼、10号楼、11号楼、12号楼、13号楼、14号楼、15号楼
0,北京市朝阳外国语学校分校,朝阳外国语分校,公办,普通,九年一贯制,010-84922680,北京市朝阳区来广营地区北苑清河营中街（中国铁建国际城小区北侧）,http://www.cyfls.net/,北京市朝阳外国语学校分校/,中国铁建花语城 , 18号楼、19号楼、20号楼、21号楼、22号楼、23号楼、24号楼、25号楼、26号楼
0,北京市朝阳外国语学校分校,朝阳外国语分校,公办,普通,九年一贯制,010-84922680,北京市朝阳区来广营地区北苑清河营中街（中国铁建国际城小区北侧）,http://www.cyfls.net/,北京市朝阳外国语学校分校/,城建集团家属楼 , 1号楼
0,北京市朝阳区呼家楼中心小学,呼家楼中心小学/呼小,公办,普通,派位,010-65022843,朝阳区呼家楼西里七巷12号,http://www.hjlxx.com,北京市第八十中学/北京市呼家楼中学/北京市团结湖第三中学/,金台里 , 1号楼、2号楼、甲2号楼、3号楼、4号楼、5号楼、甲5号楼、6号楼、7号楼、8号楼、甲8号楼、10号楼、12号楼、13号楼、甲14号楼、14号楼、15号楼、16号楼、新16号楼、17号楼、18号楼、19号楼、20号楼、21号楼、22号楼、23号楼、24号楼、25号楼、26号楼、27号楼
0,北京市朝阳区呼家楼中心小学,呼家楼中心小学/呼小,公办,普通,派位,010-65022843,朝阳区呼家楼西里七巷12号,http://www.hjlxx.com,北京市第八十中学/北京市呼家楼中学/北京市团结湖第三中学/,呼家楼北街 , 1号楼、2号楼、3号楼、4号楼、5号楼、6号楼、7号楼、8号楼、9号楼、11号楼、13号楼、15号楼、17号楼
0,北京市朝阳区呼家楼中心小学,呼家楼中心小学/呼小,公办,普通,派位,010-65022843,朝阳区呼家楼西里七巷12号,http://www.hjlxx.com,北京市第八十中学/北京市呼家楼中学/北京市团结湖第三中学/,人民日报社家属区 , 新1号楼、民1号楼、新2号楼、民2号楼、民3号楼、民4号楼、4号楼、5号楼、民5号楼、民6号楼、6号楼、机6号楼、前7号楼、民7号楼、后7号楼、机7号楼、8号楼、民8号楼、机8号楼、民9号楼、民10号楼、民11号楼、民甲11号楼、民12号楼、民13号楼、民14号楼、民15号楼、民16号楼、民17号楼、民18号楼、民19号楼、民20号楼、民20号楼甲、民20号楼乙、民21号楼、民22号楼、民23号楼、民24号楼、民25号楼、民26号楼、民27号楼、民28号楼、民29号楼、民30号楼、民31号楼、民32号楼、民33号楼、民34号楼、民35号楼、民36号楼
0,北京市朝阳区呼家楼中心小学,呼家楼中心小学/呼小,公办,普通,派位,010-65022843,朝阳区呼家楼西里七巷12号,http://www.hjlxx.com,北京市第八十中学/北京市呼家楼中学/北京市团结湖第三中学/,金台北街 , 1号楼、2号楼、3号楼、4号楼、5号楼
0,北京市朝阳区呼家楼中心小学,呼家楼中心小学/呼小,公办,普通,派位,010-65022843,朝阳区呼家楼西里七巷12号,http://www.hjlxx.com,北京市第八十中学/北京市呼家楼中学/北京市团结湖第三中学/,向军南里 , 5号院1号楼、3号楼、4号楼、5号楼、6号楼、7号楼、8号楼
0,北京市朝阳区呼家楼中心小学,呼家楼中心小学/呼小,公办,普通,派位,010-65022843,朝阳区呼家楼西里七巷12号,http://www.hjlxx.com,北京市第八十中学/北京市呼家楼中学/北京市团结湖第三中学/,呼家楼北里 , 1号楼、2号楼、3号楼、4号楼、5号楼、6号楼、7号楼、8号楼、9号楼、10号楼、11号楼、12号楼、13号楼、14号楼、15号楼、16号楼、20号楼
0,北京市朝阳区呼家楼中心小学,呼家楼中心小学/呼小,公办,普通,派位,010-65022843,朝阳区呼家楼西里七巷12号,http://www.hjlxx.com,北京市第八十中学/北京市呼家楼中学/北京市团结湖第三中学/,呼家楼南里 , 8号院、1号楼、2号楼、3号楼、4号楼、5号楼、6号楼、7号楼、8号楼、9号楼、10号楼、11号楼、12号楼、13号楼、14号楼、15号楼、16号楼、17号楼、18号楼、19号楼、20号楼、23号楼、24号楼、25号楼、26号楼、27号楼、28号楼、乙29号楼、29号楼、30号楼、31号楼、32号楼
0,北京市朝阳区呼家楼中心小学,呼家楼中心小学/呼小,公办,普通,派位,010-65022843,朝阳区呼家楼西里七巷12号,http://www.hjlxx.com,北京市第八十中学/北京市呼家楼中学/北京市团结湖第三中学/,呼家楼新街大院 , 1号楼、2号楼、3号楼、4号楼、5号楼、6号楼、7号楼、8号楼、9号楼、12号楼、13号楼、14号楼、15号楼
0,北京市朝阳区呼家楼中心小学,呼家楼中心小学/呼小,公办,普通,派位,010-65022843,朝阳区呼家楼西里七巷12号,http://www.hjlxx.com,北京市第八十中学/北京市呼家楼中学/北京市团结湖第三中学/,红庙西里 , 2号楼、4号楼、6号楼、8号楼
0,北京市朝阳区呼家楼中心小学,呼家楼中心小学/呼小,公办,普通,派位,010-65022843,朝阳区呼家楼西里七巷12号,http://www.hjlxx.com,北京市第八十中学/北京市呼家楼中学/北京市团结湖第三中学/,向军北里 , 6号楼、7号楼、8号楼、10号楼、11号楼、12号楼、13号楼、16号楼、17号楼、18号楼、19号楼、20号楼、22号楼
0,北京市朝阳区呼家楼中心小学,呼家楼中心小学/呼小,公办,普通,派位,010-65022843,朝阳区呼家楼西里七巷12号,http://www.hjlxx.com,北京市第八十中学/北京市呼家楼中学/北京市团结湖第三中学/,京水公寓 , 甲6号楼
0,北京市朝阳区呼家楼中心小学,呼家楼中心小学/呼小,公办,普通,派位,010-65022843,朝阳区呼家楼西里七巷12号,http://www.hjlxx.com,北京市第八十中学/北京市呼家楼中学/北京市团结湖第三中学/,关东店北街 , 6号楼、9号楼、10号楼、11号楼、12号楼、13号楼
0,北京市朝阳区呼家楼中心小学,呼家楼中心小学/呼小,公办,普通,派位,010-65022843,朝阳区呼家楼西里七巷12号,http://www.hjlxx.com,北京市第八十中学/北京市呼家楼中学/北京市团结湖第三中学/,呼家楼西里 , 1号楼、2号楼、4号楼、13号楼、14号楼、15号楼、20号楼、21号楼、22号楼、26号楼、27号楼、28号楼
0,北京市朝阳区呼家楼中心小学,呼家楼中心小学/呼小,公办,普通,派位,010-65022843,朝阳区呼家楼西里七巷12号,http://www.hjlxx.com,北京市第八十中学/北京市呼家楼中学/北京市团结湖第三中学/,关东店 , 1号楼、2号楼
0,北京市朝阳区呼家楼中心小学,呼家楼中心小学/呼小,公办,普通,派位,010-65022843,朝阳区呼家楼西里七巷12号,http://www.hjlxx.com,北京市第八十中学/北京市呼家楼中学/北京市团结湖第三中学/,光华路12号院 , 1号楼
0,北京市朝阳区呼家楼中心小学,呼家楼中心小学/呼小,公办,普通,派位,010-65022843,朝阳区呼家楼西里七巷12号,http://www.hjlxx.com,北京市第八十中学/北京市呼家楼中学/北京市团结湖第三中学/,化石营 , 0号楼
0,北京市朝阳区呼家楼中心小学,呼家楼中心小学/呼小,公办,普通,派位,010-65022843,朝阳区呼家楼西里七巷12号,http://www.hjlxx.com,北京市第八十中学/北京市呼家楼中学/北京市团结湖第三中学/,泰达大厦 , 1号楼
0,北京市陈经纶中学嘉铭分校安慧北里校区,陈经纶中学嘉铭分校西校区/陈经纶嘉铭分校安慧北里校区/安慧北里小学,公办,市重点,九年一贯制,010-84857604,朝阳区安慧北里安园9号楼,http://www.bjcjl.net,北京陈经纶中学嘉铭分校西校区/,亚奥观典 , 1号楼、2号楼、3号楼、4号楼
0,北京市陈经纶中学嘉铭分校安慧北里校区,陈经纶中学嘉铭分校西校区/陈经纶嘉铭分校安慧北里校区/安慧北里小学,公办,市重点,九年一贯制,010-84857604,朝阳区安慧北里安园9号楼,http://www.bjcjl.net,北京陈经纶中学嘉铭分校西校区/,安慧北里逸园 , 5号楼、7号楼、8号楼、10号楼、甲11号楼、11号楼、12号楼、16号楼、17号楼、18号楼、21号楼、22号楼、24号楼、25号楼、26号楼
0,北京市陈经纶中学嘉铭分校安慧北里校区,陈经纶中学嘉铭分校西校区/陈经纶嘉铭分校安慧北里校区/安慧北里小学,公办,市重点,九年一贯制,010-84857604,朝阳区安慧北里安园9号楼,http://www.bjcjl.net,北京陈经纶中学嘉铭分校西校区/,欧陆经典 , 15-16号楼底商、1号楼、2号楼、3号楼、4号楼、5号楼、6号楼、7号楼、8号楼、9号楼、10号楼、11号楼、15号楼、16号楼、17号楼、18号楼、19号楼、20号楼、21号楼、22号楼
0,北京市陈经纶中学嘉铭分校安慧北里校区,陈经纶中学嘉铭分校西校区/陈经纶嘉铭分校安慧北里校区/安慧北里小学,公办,市重点,九年一贯制,010-84857604,朝阳区安慧北里安园9号楼,http://www.bjcjl.net,北京陈经纶中学嘉铭分校西校区/,安慧北里秀园 , 7号楼、8号楼、9号楼、10号楼、11号楼、12号楼、13号楼、14号楼、15号楼、16号楼、17号楼、20号楼、21号楼、22号楼
0,北京市陈经纶中学嘉铭分校安慧北里校区,陈经纶中学嘉铭分校西校区/陈经纶嘉铭分校安慧北里校区/安慧北里小学,公办,市重点,九年一贯制,010-84857604,朝阳区安慧北里安园9号楼,http://www.bjcjl.net,北京陈经纶中学嘉铭分校西校区/,亚运豪庭 , 1号楼、2号楼
0,北京市陈经纶中学嘉铭分校安慧北里校区,陈经纶中学嘉铭分校西校区/陈经纶嘉铭分校安慧北里校区/安慧北里小学,公办,市重点,九年一贯制,010-84857604,朝阳区安慧北里安园9号楼,http://www.bjcjl.net,北京陈经纶中学嘉铭分校西校区/,锦绣馨园 , 19号楼、20号楼、21号楼、22号楼、23号楼、24号楼、25号楼、26号楼
0,北京市陈经纶中学嘉铭分校安慧北里校区,陈经纶中学嘉铭分校西校区/陈经纶嘉铭分校安慧北里校区/安慧北里小学,公办,市重点,九年一贯制,010-84857604,朝阳区安慧北里安园9号楼,http://www.bjcjl.net,北京陈经纶中学嘉铭分校西校区/,阳光新干线 , 2号楼、3号楼、6号楼
0,北京市陈经纶中学嘉铭分校安慧北里校区,陈经纶中学嘉铭分校西校区/陈经纶嘉铭分校安慧北里校区/安慧北里小学,公办,市重点,九年一贯制,010-84857604,朝阳区安慧北里安园9号楼,http://www.bjcjl.net,北京陈经纶中学嘉铭分校西校区/,安园 , 1号楼、2号楼、3号楼、4号楼、5号楼、6号楼、7号楼、8号楼、12号楼、13号楼、14号楼、15号楼、16号楼、18号楼、19号楼
0,北京市陈经纶中学嘉铭分校安慧北里校区,陈经纶中学嘉铭分校西校区/陈经纶嘉铭分校安慧北里校区/安慧北里小学,公办,市重点,九年一贯制,010-84857604,朝阳区安慧北里安园9号楼,http://www.bjcjl.net,北京陈经纶中学嘉铭分校西校区/,安慧北里雅园 , 2号楼、4号楼、5号楼、6号楼、7号楼、8号楼、9号楼、10号楼、12号楼、13号楼
0,北京市陈经纶中学嘉铭分校安慧北里校区,陈经纶中学嘉铭分校西校区/陈经纶嘉铭分校安慧北里校区/安慧北里小学,公办,市重点,九年一贯制,010-84857604,朝阳区安慧北里安园9号楼,http://www.bjcjl.net,北京陈经纶中学嘉铭分校西校区/,银座九号 , C座
0,北京市陈经纶中学嘉铭分校安慧北里校区,陈经纶中学嘉铭分校西校区/陈经纶嘉铭分校安慧北里校区/安慧北里小学,公办,市重点,九年一贯制,010-84857604,朝阳区安慧北里安园9号楼,http://www.bjcjl.net,北京陈经纶中学嘉铭分校西校区/,小营西路1号 , 1号楼
0,朝师附小,公办,普通,派位,010-64294669,本部位于朝阳区北三环和平街11区17楼（和平家园内）,Null,Null,Null,,
0,北京市朝阳区花家地实验小学,花家地实验小学,公办,市重点,派位,010-84712064,北京市朝阳区花家地小区18楼,北京94中，陈经纶中学/,金隅国际 , 4号楼(D座) 3号楼(E座) 2号楼(F座) 1号楼(G座) 7号楼(A座) 6号楼(B座) 5号楼(C座) 8号楼 9号楼,
0,北京市朝阳区花家地实验小学,花家地实验小学,公办,市重点,派位,010-84712064,北京市朝阳区花家地小区18楼,北京94中，陈经纶中学/,花家地西里一区 , 101号楼 102号楼 103号楼 106号楼 108号楼 109号楼 110号楼 111号楼 112号楼 115号楼 116号楼 117号楼,
0,北京市朝阳区花家地实验小学,花家地实验小学,公办,市重点,派位,010-84712064,北京市朝阳区花家地小区18楼,北京94中，陈经纶中学/,花家地南里 , 2号楼 3号楼 4号楼 5号楼 6号楼 7号楼 10号楼 11号楼 12号楼 13号楼 14号楼 15号楼 16号楼 17号楼 18号楼,
0,北京市朝阳区花家地实验小学,花家地实验小学,公办,市重点,派位,010-84712064,北京市朝阳区花家地小区18楼,北京94中，陈经纶中学/,花家地西里三区 , 301号楼 302号楼 305号楼 306号楼 307号楼 308号楼 324号楼 325号楼 327号楼 328号楼 329号楼 330号楼 331号楼 332号楼 333号楼,
0,北京市朝阳区花家地实验小学,花家地实验小学,公办,市重点,派位,010-84712064,北京市朝阳区花家地小区18楼,北京94中，陈经纶中学/,花家地西里二区 , 203号楼 205号楼 206号楼 207号楼 209号楼 210号楼 211号楼 212号楼 213号楼,
0,北京市朝阳区花家地实验小学,花家地实验小学,公办,市重点,派位,010-84712064,北京市朝阳区花家地小区18楼,北京94中，陈经纶中学/,花家地北里 , 2号楼 3号楼 4号楼 5号楼 6号楼 7号楼 10号楼 12号楼 13号楼 14号楼 15号楼 16号楼 17号楼,
0,北京市朝阳区花家地实验小学,花家地实验小学,公办,市重点,派位,010-84712064,北京市朝阳区花家地小区18楼,北京94中，陈经纶中学/,鹿港嘉苑 , 1号楼 2号楼 3号楼 4号楼 5号楼 6号楼 7号楼 8号楼 9号楼 10号楼 11号楼,
0,北京市朝阳区花家地实验小学,花家地实验小学,公办,市重点,派位,010-84712064,北京市朝阳区花家地小区18楼,北京94中，陈经纶中学/,万达大湖公馆 , 1号楼 2号楼,
0,北京市朝阳区花家地实验小学,花家地实验小学,公办,市重点,派位,010-84712064,北京市朝阳区花家地小区18楼,北京94中，陈经纶中学/,花家地小区 , 3号楼 4号楼 5号楼 6号楼 7号楼 8号楼 9号楼 10号楼 13号楼 14号楼 15号楼 17号楼 19号楼 20号楼 21号楼 22号楼 23号楼 24号楼 25号楼 26号楼 27号楼 28号楼 29号楼,
0,北京市朝阳区花家地实验小学,花家地实验小学,公办,市重点,派位,010-84712064,北京市朝阳区花家地小区18楼,北京94中，陈经纶中学/,都市心海岸 , 1号楼 2号楼 3号楼 4号楼 5号楼,
0,北京市朝阳区花家地实验小学,花家地实验小学,公办,市重点,派位,010-84712064,北京市朝阳区花家地小区18楼,北京94中，陈经纶中学/,方舟苑二期 , 4号楼 5号楼 6号楼 7号楼,
0,北京市朝阳区花家地实验小学,花家地实验小学,公办,市重点,派位,010-84712064,北京市朝阳区花家地小区18楼,北京94中，陈经纶中学/,方舟苑一期 , 1号楼 2号楼 3号楼,
0,北京市朝阳区花家地实验小学,花家地实验小学,公办,市重点,派位,010-84712064,北京市朝阳区花家地小区18楼,北京94中，陈经纶中学/,方舟苑三期 , 8号楼 9号楼 10号楼,
0,北京市朝阳区花家地实验小学,花家地实验小学,公办,市重点,派位,010-84712064,北京市朝阳区花家地小区18楼,北京94中，陈经纶中学/,佳境天城 , A座 B座,
0,北京市朝阳区安慧里中心小学,安慧里中心小学,公办,区重点,派位,010-64916177,本部(低年级):朝阳区安慧里四区12号楼，本部(高年级)朝阳区安慧里一区10号楼,北京市陈经纶中学嘉铭分校/北京中医药大学附属中学/北京市樱花实验学校/北京化工大学附属中学/,安慧里一区 , 2号楼、3号楼、4号楼、5号楼、8号楼、9号楼、12号楼、13号楼、14号楼、15号楼、16号楼、17号楼、18号楼、19号楼、20号楼、21号楼、22号楼、23号楼,
0,北京市朝阳区安慧里中心小学,安慧里中心小学,公办,区重点,派位,010-64916177,本部(低年级):朝阳区安慧里四区12号楼，本部(高年级)朝阳区安慧里一区10号楼,北京市陈经纶中学嘉铭分校/北京中医药大学附属中学/北京市樱花实验学校/北京化工大学附属中学/,安慧里二区 , 2号楼、4号楼、5号楼、6号楼、7号楼、8号楼、9号楼、10号楼、13号楼、14号楼、15号楼、16号楼、17号楼、18号楼,
0,北京市朝阳区安慧里中心小学,安慧里中心小学,公办,区重点,派位,010-64916177,本部(低年级):朝阳区安慧里四区12号楼，本部(高年级)朝阳区安慧里一区10号楼,北京市陈经纶中学嘉铭分校/北京中医药大学附属中学/北京市樱花实验学校/北京化工大学附属中学/,加利大厦 , 1号楼、2号楼、4号楼、5号楼,
0,北京市朝阳区安慧里中心小学,安慧里中心小学,公办,区重点,派位,010-64916177,本部(低年级):朝阳区安慧里四区12号楼，本部(高年级)朝阳区安慧里一区10号楼,北京市陈经纶中学嘉铭分校/北京中医药大学附属中学/北京市樱花实验学校/北京化工大学附属中学/,安慧东里 , 1号楼、2号楼、3号楼、4号楼、5号楼、6号楼、7号楼、8号楼、9号楼、10号楼、11号楼、12号楼、13号楼、15号楼、16号楼、17号楼、18号楼,
0,北京市朝阳区安慧里中心小学,安慧里中心小学,公办,区重点,派位,010-64916177,本部(低年级):朝阳区安慧里四区12号楼，本部(高年级)朝阳区安慧里一区10号楼,北京市陈经纶中学嘉铭分校/北京中医药大学附属中学/北京市樱花实验学校/北京化工大学附属中学/,安慧里五区 , 1号楼、2号楼、3号楼、4号楼、5号楼、6号楼,
0,北京市朝阳区安慧里中心小学,安慧里中心小学,公办,区重点,派位,010-64916177,本部(低年级):朝阳区安慧里四区12号楼，本部(高年级)朝阳区安慧里一区10号楼,北京市陈经纶中学嘉铭分校/北京中医药大学附属中学/北京市樱花实验学校/北京化工大学附属中学/,光大名筑 , 5号楼、6号楼、7号楼、8号楼、9号楼、10号楼、11号楼、12号楼,
0,北京市朝阳区安慧里中心小学,安慧里中心小学,公办,区重点,派位,010-64916177,本部(低年级):朝阳区安慧里四区12号楼，本部(高年级)朝阳区安慧里一区10号楼,北京市陈经纶中学嘉铭分校/北京中医药大学附属中学/北京市樱花实验学校/北京化工大学附属中学/,安慧里四区 , 1号楼、2号楼、3号楼、4号楼、5号楼、6号楼、8号楼、9号楼、11号楼、13号楼、14号楼、甲16号楼,
0,北京市朝阳区安慧里中心小学,安慧里中心小学,公办,区重点,派位,010-64916177,本部(低年级):朝阳区安慧里四区12号楼，本部(高年级)朝阳区安慧里一区10号楼,北京市陈经纶中学嘉铭分校/北京中医药大学附属中学/北京市樱花实验学校/北京化工大学附属中学/,盛和家园 , 1号楼、2号楼,
0,北京市朝阳区安慧里中心小学,安慧里中心小学,公办,区重点,派位,010-64916177,本部(低年级):朝阳区安慧里四区12号楼，本部(高年级)朝阳区安慧里一区10号楼,北京市陈经纶中学嘉铭分校/北京中医药大学附属中学/北京市樱花实验学校/北京化工大学附属中学/,育慧西里 , 1号楼、2号楼、3号楼、4号楼、6号楼、7号楼、8号楼、9号楼、10号楼、11号楼,
0,北京市朝阳区安慧里中心小学,安慧里中心小学,公办,区重点,派位,010-64916177,本部(低年级):朝阳区安慧里四区12号楼，本部(高年级)朝阳区安慧里一区10号楼,北京市陈经纶中学嘉铭分校/北京中医药大学附属中学/北京市樱花实验学校/北京化工大学附属中学/,安慧北里小区 , 1号楼、2号楼、3号楼、4号楼、5号楼、6号楼、7号楼、8号楼、9号楼、10号楼,
0,北京市朝阳区安慧里中心小学,安慧里中心小学,公办,区重点,派位,010-64916177,本部(低年级):朝阳区安慧里四区12号楼，本部(高年级)朝阳区安慧里一区10号楼,北京市陈经纶中学嘉铭分校/北京中医药大学附属中学/北京市樱花实验学校/北京化工大学附属中学/,安慧里三区 , 1号楼、2号楼、3号楼、4号楼、5号楼、6号楼、7号楼、8号楼、9号楼、10号楼、11号楼、12号楼、13号楼、14号楼、15号楼、16号楼、17号楼、18号楼、19号楼、20号楼、21号楼,
0,北京市朝阳区安慧里中心小学,安慧里中心小学,公办,区重点,派位,010-64916177,本部(低年级):朝阳区安慧里四区12号楼，本部(高年级)朝阳区安慧里一区10号楼,北京市陈经纶中学嘉铭分校/北京中医药大学附属中学/北京市樱花实验学校/北京化工大学附属中学/,安慧北里雅园 , 2号楼、4号楼、5号楼、6号楼、7号楼、8号楼、9号楼、10号楼、12号楼、13号楼,
0,北京市朝阳区安慧里中心小学,安慧里中心小学,公办,区重点,派位,010-64916177,本部(低年级):朝阳区安慧里四区12号楼，本部(高年级)朝阳区安慧里一区10号楼,北京市陈经纶中学嘉铭分校/北京中医药大学附属中学/北京市樱花实验学校/北京化工大学附属中学/,市政物业小区 , 3号楼,
0,北京市朝阳区安慧里中心小学,安慧里中心小学,公办,区重点,派位,010-64916177,本部(低年级):朝阳区安慧里四区12号楼，本部(高年级)朝阳区安慧里一区10号楼,北京市陈经纶中学嘉铭分校/北京中医药大学附属中学/北京市樱花实验学校/北京化工大学附属中学/,小营西路1号 , 1号楼,
0,北京市朝阳区安慧里中心小学,安慧里中心小学,公办,区重点,派位,010-64916177,本部(低年级):朝阳区安慧里四区12号楼，本部(高年级)朝阳区安慧里一区10号楼,北京市陈经纶中学嘉铭分校/北京中医药大学附属中学/北京市樱花实验学校/北京化工大学附属中学/,干杨树 , 1号楼、2号楼、3号楼,
0,北京市朝阳区安慧里中心小学,安慧里中心小学,公办,区重点,派位,010-64916177,本部(低年级):朝阳区安慧里四区12号楼，本部(高年级)朝阳区安慧里一区10号楼,北京市陈经纶中学嘉铭分校/北京中医药大学附属中学/北京市樱花实验学校/北京化工大学附属中学/,天乐园 , 2号楼,
0,北京市垂杨柳中心小学,公办,区重点,派位,010-67713695,北京市朝阳区垂杨柳中里14号楼北侧,http://www.chuizhongxin.com,Null,Null,Null,
0,北京市朝阳区望京南湖中园小学,南湖中园小学/望花路小学/ 望京教辅中心,公办,普通,派位,010-64706415,北京市朝阳区望京南湖中园2区239号楼,http://www.bjzyedu.net.cn/,北京市朝阳区九十四中学/首都师范大学附属实验学校/北京市朝阳区陈经纶中学分校/,朝庭公寓 , 1号楼 2号楼 3号楼
0,北京市朝阳区望京南湖中园小学,南湖中园小学/望花路小学/ 望京教辅中心,公办,普通,派位,010-64706415,北京市朝阳区望京南湖中园2区239号楼,http://www.bjzyedu.net.cn/,北京市朝阳区九十四中学/首都师范大学附属实验学校/北京市朝阳区陈经纶中学分校/,季景沁园 , 201号楼 202号楼 203号楼 204A号楼 204B号楼 205号楼 206号楼 207号楼 208号楼 209号楼 210号楼 211号楼 212号楼 213号楼 214A号楼 214B号楼 215号楼
0,北京市朝阳区望京南湖中园小学,南湖中园小学/望花路小学/ 望京教辅中心,公办,普通,派位,010-64706415,北京市朝阳区望京南湖中园2区239号楼,http://www.bjzyedu.net.cn/,北京市朝阳区九十四中学/首都师范大学附属实验学校/北京市朝阳区陈经纶中学分校/,南湖中园二区 , 201号楼 202号楼 203号楼 204号楼 205号楼 206号楼 207号楼 208号楼 209号楼 210号楼 212号楼 213号楼 214号楼 215号楼 216号楼 217号楼 218号楼 219号楼 220号楼 221号楼 222号楼 223号楼 224号楼 225号楼 226号楼 227号楼 228号楼 229号楼 230号楼 231号楼 232号楼 233号楼 234号楼 235号楼 236号楼
0,北京市朝阳区望京南湖中园小学,南湖中园小学/望花路小学/ 望京教辅中心,公办,普通,派位,010-64706415,北京市朝阳区望京南湖中园2区239号楼,http://www.bjzyedu.net.cn/,北京市朝阳区九十四中学/首都师范大学附属实验学校/北京市朝阳区陈经纶中学分校/,圣馨大地 , D座 E座 A座 B座 C座
0,北京市朝阳区望京南湖中园小学,南湖中园小学/望花路小学/ 望京教辅中心,公办,普通,派位,010-64706415,北京市朝阳区望京南湖中园2区239号楼,http://www.bjzyedu.net.cn/,北京市朝阳区九十四中学/首都师范大学附属实验学校/北京市朝阳区陈经纶中学分校/,世安家园 , 101号楼 102号楼 103号楼 104号楼 105号楼 107号楼 109号楼 111号楼 113号楼 116号楼 117号楼 118号楼
0,北京市朝阳区望京南湖中园小学,南湖中园小学/望花路小学/ 望京教辅中心,公办,普通,派位,010-64706415,北京市朝阳区望京南湖中园2区239号楼,http://www.bjzyedu.net.cn/,北京市朝阳区九十四中学/首都师范大学附属实验学校/北京市朝阳区陈经纶中学分校/,银领国际 , 116号楼 119号楼 120号楼 121号楼 122号楼 124号楼 125号楼 126号楼 127号楼 128号楼 129号楼 130号楼 131号楼 132号楼
0,北京市朝阳区望京南湖中园小学,南湖中园小学/望花路小学/ 望京教辅中心,公办,普通,派位,010-64706415,北京市朝阳区望京南湖中园2区239号楼,http://www.bjzyedu.net.cn/,北京市朝阳区九十四中学/首都师范大学附属实验学校/北京市朝阳区陈经纶中学分校/,嘉美风尚中心 , 1号楼 2号楼
0,北京市朝阳区望京南湖中园小学,南湖中园小学/望花路小学/ 望京教辅中心,公办,普通,派位,010-64706415,北京市朝阳区望京南湖中园2区239号楼,http://www.bjzyedu.net.cn/,北京市朝阳区九十四中学/首都师范大学附属实验学校/北京市朝阳区陈经纶中学分校/,北京香颂 , 221号楼 222号楼 223号楼 224号楼 225号楼 226号楼 227号楼 228号楼 229号楼 230号楼 231号楼 232号楼 233号楼 234号楼 235号楼 236号楼 237号楼 238号楼
0,北京市朝阳区望京南湖中园小学,南湖中园小学/望花路小学/ 望京教辅中心,公办,普通,派位,010-64706415,北京市朝阳区望京南湖中园2区239号楼,http://www.bjzyedu.net.cn/,北京市朝阳区九十四中学/首都师范大学附属实验学校/北京市朝阳区陈经纶中学分校/,望花路西里 , 1号楼 2号楼 3号楼 4号楼 5号楼 6号楼 7号楼 8号楼 9号楼 10号楼 11号楼 12号楼 19号楼 20号楼 21号楼 23号楼 24号楼
0,北京市朝阳区望京南湖中园小学,南湖中园小学/望花路小学/ 望京教辅中心,公办,普通,派位,010-64706415,北京市朝阳区望京南湖中园2区239号楼,http://www.bjzyedu.net.cn/,北京市朝阳区九十四中学/首都师范大学附属实验学校/北京市朝阳区陈经纶中学分校/,南湖渠西里 , 1号楼 2号楼 3号楼 4号楼 5号楼 6号楼 7号楼 8号楼 9号楼 10号楼 11号楼 12号楼 13号楼 14号楼 15号楼 16号楼 17号楼 18号楼 19号楼 21号楼 22号楼 邻023号楼 24号楼 25号楼
0,北京市朝阳区望京南湖中园小学,南湖中园小学/望花路小学/ 望京教辅中心,公办,普通,派位,010-64706415,北京市朝阳区望京南湖中园2区239号楼,http://www.bjzyedu.net.cn/,北京市朝阳区九十四中学/首都师范大学附属实验学校/北京市朝阳区陈经纶中学分校/,中广宜景湾 , D座(501) E座(503) F座(506) A座(507) B座(508) C座(509)
0,北京市朝阳区望京南湖中园小学,南湖中园小学/望花路小学/ 望京教辅中心,公办,普通,派位,010-64706415,北京市朝阳区望京南湖中园2区239号楼,http://www.bjzyedu.net.cn/,北京市朝阳区九十四中学/首都师范大学附属实验学校/北京市朝阳区陈经纶中学分校/,点击未来 , 16号楼
0,北京市朝阳区望京南湖中园小学,南湖中园小学/望花路小学/ 望京教辅中心,公办,普通,派位,010-64706415,北京市朝阳区望京南湖中园2区239号楼,http://www.bjzyedu.net.cn/,北京市朝阳区九十四中学/首都师范大学附属实验学校/北京市朝阳区陈经纶中学分校/,首开知语城 , 310号楼 311号楼 312号楼 313号楼 314号楼 317号楼 405号楼 406号楼
0,北京市朝阳区望京南湖中园小学,南湖中园小学/望花路小学/ 望京教辅中心,公办,普通,派位,010-64706415,北京市朝阳区望京南湖中园2区239号楼,http://www.bjzyedu.net.cn/,北京市朝阳区九十四中学/首都师范大学附属实验学校/北京市朝阳区陈经纶中学分校/,长安花园 , 7号楼 8号楼 10号楼
0,北京市朝阳区望京南湖中园小学,南湖中园小学/望花路小学/ 望京教辅中心,公办,普通,派位,010-64706415,北京市朝阳区望京南湖中园2区239号楼,http://www.bjzyedu.net.cn/,北京市朝阳区九十四中学/首都师范大学附属实验学校/北京市朝阳区陈经纶中学分校/,望京路10号院 , 1号楼 2号楼 3号楼 4号楼 5号楼
0,北京市朝阳区望京南湖中园小学,南湖中园小学/望花路小学/ 望京教辅中心,公办,普通,派位,010-64706415,北京市朝阳区望京南湖中园2区239号楼,http://www.bjzyedu.net.cn/,北京市朝阳区九十四中学/首都师范大学附属实验学校/北京市朝阳区陈经纶中学分校/,西八间北里 , 16号楼 17号楼 18号楼 19号楼 20号楼 21号楼
0,北京市朝阳区望京南湖中园小学,南湖中园小学/望花路小学/ 望京教辅中心,公办,普通,派位,010-64706415,北京市朝阳区望京南湖中园2区239号楼,http://www.bjzyedu.net.cn/,北京市朝阳区九十四中学/首都师范大学附属实验学校/北京市朝阳区陈经纶中学分校/,望京路3号院 , 1号楼 2号楼 3号楼 4号楼
0,北京市朝阳区望京南湖中园小学,南湖中园小学/望花路小学/ 望京教辅中心,公办,普通,派位,010-64706415,北京市朝阳区望京南湖中园2区239号楼,http://www.bjzyedu.net.cn/,北京市朝阳区九十四中学/首都师范大学附属实验学校/北京市朝阳区陈经纶中学分校/,星海明珠 , 301号楼 303号楼 305号楼 306号楼 307号楼 308号楼
0,北京市朝阳区望京南湖中园小学,南湖中园小学/望花路小学/ 望京教辅中心,公办,普通,派位,010-64706415,北京市朝阳区望京南湖中园2区239号楼,http://www.bjzyedu.net.cn/,北京市朝阳区九十四中学/首都师范大学附属实验学校/北京市朝阳区陈经纶中学分校/,望京路4号院 , F座
0,北京市朝阳区望京南湖中园小学,南湖中园小学/望花路小学/ 望京教辅中心,公办,普通,派位,010-64706415,北京市朝阳区望京南湖中园2区239号楼,http://www.bjzyedu.net.cn/,北京市朝阳区九十四中学/首都师范大学附属实验学校/北京市朝阳区陈经纶中学分校/,望花路东里 , 4号楼 5号楼 6号楼
0,北京市朝阳区望京南湖中园小学,南湖中园小学/望花路小学/ 望京教辅中心,公办,普通,派位,010-64706415,北京市朝阳区望京南湖中园2区239号楼,http://www.bjzyedu.net.cn/,北京市朝阳区九十四中学/首都师范大学附属实验学校/北京市朝阳区陈经纶中学分校/,金兴路2号院 , 1号楼 2号楼 3号楼
0,北京市朝阳区望京南湖中园小学,南湖中园小学/望花路小学/ 望京教辅中心,公办,普通,派位,010-64706415,北京市朝阳区望京南湖中园2区239号楼,http://www.bjzyedu.net.cn/,北京市朝阳区九十四中学/首都师范大学附属实验学校/北京市朝阳区陈经纶中学分校/,金兴路一号院 , 1号楼 2号楼 3号楼 4号楼 5号楼 6号楼
0,北京市朝阳区望京南湖中园小学,南湖中园小学/望花路小学/ 望京教辅中心,公办,普通,派位,010-64706415,北京市朝阳区望京南湖中园2区239号楼,http://www.bjzyedu.net.cn/,北京市朝阳区九十四中学/首都师范大学附属实验学校/北京市朝阳区陈经纶中学分校/,南湖渠三巷 , 1号楼 2号楼 3号楼 4号楼 5号楼
0,北京市朝阳区望京南湖中园小学,南湖中园小学/望花路小学/ 望京教辅中心,公办,普通,派位,010-64706415,北京市朝阳区望京南湖中园2区239号楼,http://www.bjzyedu.net.cn/,北京市朝阳区九十四中学/首都师范大学附属实验学校/北京市朝阳区陈经纶中学分校/,金兴路 , 13号楼 14号楼
0,北京市朝阳区劲松第一小学,劲松一小,公办,区重点,派位,010-67784949,北京市朝阳区劲松一区124楼,Null,Null,Null,
0,北京市望京实验学校小学部,公办,区重点,九年一贯制,010-64759576,北京市朝阳区望京西园三区313楼,Null,Null,Null,,
0,北京市朝阳区西坝河第三小学,公办,普通,派位,010-84542346,北京市朝阳区西坝河东里19号楼,Null,Null,Null,,
0,芳草地国际学校万和城实验小学,公办,区重点,派位,010-84645142,北京市朝阳区北四环东路71西门,Null,Null,Null,,
0,北京朝阳外语小学,民办,区重点,派位,010-64446067,北京市朝阳区北三环东路胜古南里7号楼,http://www.cyfls.net/,Null,Null,Null,
0,北京市朝阳区望花路小学,公办,普通,派位,010-64723888,北京市朝阳区望花路东里7号,Null,Null,Null,,
0,北京市朝阳区张家店小学,公办,普通,派位,010-87303606,北京市朝阳区十八里店乡横街子村19号,Null,Null,Null,,
0,北京市朝阳区光华路第二小学,公办,区重点,派位,010-65944318,北京市朝阳区光华西里5号,Null,Null,Null,,
0,北京市朝阳区驹子房小学,公办,普通,派位,010-65490379,北京市朝阳区东坝乡驹子房村,Null,Null,Null,,
0,北京市望京南湖东园小学,公办,区重点,派位,010-64700531,朝阳区望京新城南湖中园239号,http://www.nhdyxx.com,北京市朝阳区九十四中学/北京市朝阳区陈经纶中学分校/首都师范大学附属实验学校/北京市朝阳区望京实验学校/,南湖东园一区 , 102号楼 103号楼 104号楼 105号楼 106号楼 107号楼 108号楼 110号楼 112号楼 113号楼 114号楼 118号楼 119号楼 120号楼 121号楼,
0,北京市望京南湖东园小学,公办,区重点,派位,010-64700531,朝阳区望京新城南湖中园239号,http://www.nhdyxx.com,北京市朝阳区九十四中学/北京市朝阳区陈经纶中学分校/首都师范大学附属实验学校/北京市朝阳区望京实验学校/,南湖东园二区 , 202号楼 203号楼 204号楼 205号楼 206号楼 207号楼 208号楼 209号楼 210号楼 211号楼 212号楼 213号楼 214号楼 215号楼 216号楼 217号楼 218号楼 219号楼 220号楼 226号楼 227号楼 228号楼,
0,北京市望京南湖东园小学,公办,区重点,派位,010-64700531,朝阳区望京新城南湖中园239号,http://www.nhdyxx.com,北京市朝阳区九十四中学/北京市朝阳区陈经纶中学分校/首都师范大学附属实验学校/北京市朝阳区望京实验学校/,慧谷金色家园 , 116号楼 117号楼 118号楼 119号楼 125号楼 126号楼 127号楼 128号楼 129号楼,
0,北京市望京南湖东园小学,公办,区重点,派位,010-64700531,朝阳区望京新城南湖中园239号,http://www.nhdyxx.com,北京市朝阳区九十四中学/北京市朝阳区陈经纶中学分校/首都师范大学附属实验学校/北京市朝阳区望京实验学校/,南湖中园一区 , 104号楼 105号楼 106号楼 108号楼 109号楼 110号楼 111号楼 112号楼 113号楼 114号楼 122号楼,
0,北京市朝阳区高家园小学,公办,普通,派位,010-64384863,北京市朝阳区高家园小区112号,Null,Null,Null,,
0,中国人民大学附属中学朝阳学校小学部,人大附中朝阳学校,公办,区重点,九年一贯制,010-84158116,北京市朝阳区芍药居北里小区303号楼,http://www.rdfzcy.cn/SitePages/home.aspx,中国人民大学附属中学朝阳学校/,芍药居北里 , 102号楼、103号楼、104号楼、105号楼、106号楼、107号楼、109号楼、110号楼、111号楼、114号楼、115号楼、116号楼、117号楼、118号楼、201号楼、202号楼、203号楼、204号楼、205号楼、206号楼、207号楼、208号楼、209号楼、210号楼、211号楼、213号楼、215号楼、216号楼、218号楼、220号楼、222号楼、306号楼、307号楼、308号楼、309号楼、310号楼、311号楼、312号楼、315号楼、316号楼、317号楼、318号楼、319号楼、320号楼
0,中国人民大学附属中学朝阳学校小学部,人大附中朝阳学校,公办,区重点,九年一贯制,010-84158116,北京市朝阳区芍药居北里小区303号楼,http://www.rdfzcy.cn/SitePages/home.aspx,中国人民大学附属中学朝阳学校/,芍药居2号院 , 1号楼、2号楼、3号楼、4号楼、5号楼、6号楼、7号楼、8号楼、9号楼、10号楼、11号楼、12号楼、13号楼、14号楼、15号楼、16号楼、17号楼、18号楼、19号楼
0,中国人民大学附属中学朝阳学校小学部,人大附中朝阳学校,公办,区重点,九年一贯制,010-84158116,北京市朝阳区芍药居北里小区303号楼,http://www.rdfzcy.cn/SitePages/home.aspx,中国人民大学附属中学朝阳学校/,吉利家园 , 1号楼、2号楼、3号楼
0,中国人民大学附属中学朝阳学校小学部,人大附中朝阳学校,公办,区重点,九年一贯制,010-84158116,北京市朝阳区芍药居北里小区303号楼,http://www.rdfzcy.cn/SitePages/home.aspx,中国人民大学附属中学朝阳学校/,芍药居5号院 , 1号楼、2号楼、3号楼、4号楼、5号楼、6号楼、7号楼、8号楼、9号楼、10号楼、11号楼、12号楼
0,中国人民大学附属中学朝阳学校小学部,人大附中朝阳学校,公办,区重点,九年一贯制,010-84158116,北京市朝阳区芍药居北里小区303号楼,http://www.rdfzcy.cn/SitePages/home.aspx,中国人民大学附属中学朝阳学校/,芍药居甲2号院 , 内1号楼、内2号楼、内3号楼、内4号楼、内5号楼、内6号楼、内7号楼、内10号楼、内11号楼、13号楼、14号楼、15号楼
0,中国人民大学附属中学朝阳学校小学部,人大附中朝阳学校,公办,区重点,九年一贯制,010-84158116,北京市朝阳区芍药居北里小区303号楼,http://www.rdfzcy.cn/SitePages/home.aspx,中国人民大学附属中学朝阳学校/,隆远阁 , 甲17号楼
0,中国人民大学附属中学朝阳学校小学部,人大附中朝阳学校,公办,区重点,九年一贯制,010-84158116,北京市朝阳区芍药居北里小区303号楼,http://www.rdfzcy.cn/SitePages/home.aspx,中国人民大学附属中学朝阳学校/,芍药居 , 10号楼、11号楼、15号楼、17号楼、18号楼、19号楼、31号楼、32号楼、33号楼、34号楼、37号楼
0,中国人民大学附属中学朝阳学校小学部,人大附中朝阳学校,公办,区重点,九年一贯制,010-84158116,北京市朝阳区芍药居北里小区303号楼,http://www.rdfzcy.cn/SitePages/home.aspx,中国人民大学附属中学朝阳学校/,绿雅阁 , 112号楼、113号楼
0,中国人民大学附属中学朝阳学校小学部,人大附中朝阳学校,公办,区重点,九年一贯制,010-84158116,北京市朝阳区芍药居北里小区303号楼,http://www.rdfzcy.cn/SitePages/home.aspx,中国人民大学附属中学朝阳学校/,国航宿舍 , 313号楼、314号楼
0,中国人民大学附属中学朝阳学校小学部,人大附中朝阳学校,公办,区重点,九年一贯制,010-84158116,北京市朝阳区芍药居北里小区303号楼,http://www.rdfzcy.cn/SitePages/home.aspx,中国人民大学附属中学朝阳学校/,东方城 , 甲31号楼
0,中国人民大学附属中学朝阳学校小学部,人大附中朝阳学校,公办,区重点,九年一贯制,010-84158116,北京市朝阳区芍药居北里小区303号楼,http://www.rdfzcy.cn/SitePages/home.aspx,中国人民大学附属中学朝阳学校/,阳光空间 , 305号楼
0,中国人民大学附属中学朝阳学校小学部,人大附中朝阳学校,公办,区重点,九年一贯制,010-84158116,北京市朝阳区芍药居北里小区303号楼,http://www.rdfzcy.cn/SitePages/home.aspx,中国人民大学附属中学朝阳学校/,世嘉座 , 213号楼
0,中国人民大学附属中学朝阳学校小学部,人大附中朝阳学校,公办,区重点,九年一贯制,010-84158116,北京市朝阳区芍药居北里小区303号楼,http://www.rdfzcy.cn/SitePages/home.aspx,中国人民大学附属中学朝阳学校/,芍药居14号院 , 1号楼、2号楼、3号楼、4号楼
0,中国人民大学附属中学朝阳学校小学部,人大附中朝阳学校,公办,区重点,九年一贯制,010-84158116,北京市朝阳区芍药居北里小区303号楼,http://www.rdfzcy.cn/SitePages/home.aspx,中国人民大学附属中学朝阳学校/,芍药居4号院 , 1号楼、2号楼
0,中国人民大学附属中学朝阳学校小学部,人大附中朝阳学校,公办,区重点,九年一贯制,010-84158116,北京市朝阳区芍药居北里小区303号楼,http://www.rdfzcy.cn/SitePages/home.aspx,中国人民大学附属中学朝阳学校/,芍药居9号院 , 6号楼、8号楼、9号楼
0,中国人民大学附属中学朝阳学校小学部,人大附中朝阳学校,公办,区重点,九年一贯制,010-84158116,北京市朝阳区芍药居北里小区303号楼,http://www.rdfzcy.cn/SitePages/home.aspx,中国人民大学附属中学朝阳学校/,高原街4号院 , 1号楼、2号楼
0,中国人民大学附属中学朝阳学校小学部,人大附中朝阳学校,公办,区重点,九年一贯制,010-84158116,北京市朝阳区芍药居北里小区303号楼,http://www.rdfzcy.cn/SitePages/home.aspx,中国人民大学附属中学朝阳学校/,高原街7号院 , 1号楼、2号楼
0,中国人民大学附属中学朝阳学校小学部,人大附中朝阳学校,公办,区重点,九年一贯制,010-84158116,北京市朝阳区芍药居北里小区303号楼,http://www.rdfzcy.cn/SitePages/home.aspx,中国人民大学附属中学朝阳学校/,惠新东街 , 乙8号楼、甲8号楼
0,中国人民大学附属中学朝阳学校小学部,人大附中朝阳学校,公办,区重点,九年一贯制,010-84158116,北京市朝阳区芍药居北里小区303号楼,http://www.rdfzcy.cn/SitePages/home.aspx,中国人民大学附属中学朝阳学校/,旭风苑 , 36号楼
0,中国人民大学附属中学朝阳学校小学部,人大附中朝阳学校,公办,区重点,九年一贯制,010-84158116,北京市朝阳区芍药居北里小区303号楼,http://www.rdfzcy.cn/SitePages/home.aspx,中国人民大学附属中学朝阳学校/,高原街 , 3号楼、5号楼
0,中国人民大学附属中学朝阳学校小学部,人大附中朝阳学校,公办,区重点,九年一贯制,010-84158116,北京市朝阳区芍药居北里小区303号楼,http://www.rdfzcy.cn/SitePages/home.aspx,中国人民大学附属中学朝阳学校/,世捷座 , 214号楼
0,中国人民大学附属中学朝阳学校小学部,人大附中朝阳学校,公办,区重点,九年一贯制,010-84158116,北京市朝阳区芍药居北里小区303号楼,http://www.rdfzcy.cn/SitePages/home.aspx,中国人民大学附属中学朝阳学校/,芍药居1号院 , 1号楼、2号楼、3号楼、4号楼、5号楼、6号楼
0,中国人民大学附属中学朝阳学校小学部,人大附中朝阳学校,公办,区重点,九年一贯制,010-84158116,北京市朝阳区芍药居北里小区303号楼,http://www.rdfzcy.cn/SitePages/home.aspx,中国人民大学附属中学朝阳学校/,育慧街2号院 , 2号楼、3号楼、4号楼
0,中国人民大学附属中学朝阳学校小学部,人大附中朝阳学校,公办,区重点,九年一贯制,010-84158116,北京市朝阳区芍药居北里小区303号楼,http://www.rdfzcy.cn/SitePages/home.aspx,中国人民大学附属中学朝阳学校/,育慧南路 , 甲1号楼、甲3号楼
0,北京市朝阳区团结湖第二小学校,公办,普通,派位,010-85989121,北京市朝阳区团结湖中路南二条1号楼,Null,Null,Null,,
0,北京市朝阳区精诚实验小学,民办,普通,派位,010-64289400,朝阳区和平街13区,Null,Null,Null,,
0,北京市朝阳外国语学校风林绿洲校区,朝阳外国语风林绿洲校区,公办,区重点,九年一贯制,010-64885151,北京市朝阳区科学园南里中街风林绿洲23号,http://www.cyfls.net/,北京市朝阳外国语学校/,风林绿洲 , 1号楼、2号楼、3号楼、4号楼、5号楼、6号楼、7号楼、8号楼、9号楼、10号楼、11号楼、12号楼、13号楼、14号楼、15号楼、16号楼、18号楼、19号楼、甲20号楼、20号楼、甲21号楼、21号楼
0,北京市朝阳区日坛小学,公办,区重点,派位,010-65584121,北京市朝阳区通惠家园惠生园20号楼,日坛中学/,Null,Null,,
0,北京市华侨城黄冈中学附属小学,公办,省重点,派位,010-67380476,朝阳区垡头翠城馨园220楼,Null,Null,Null,,
0,北京市定福庄第二小学,公办,普通,派位,010-65761705,北京市朝阳区定福庄南里2号,Null,Null,Null,,
0,北京德威英国国际学校,私立,区重点,派位,010-64549000,北京市首都机场路89号,http://www.dulwich-beijing.cn/,Null,Null,Null,
0,清华附小商务中心区实验小学,清华附小CBD分校,公办,区重点,派位,010-59009192/010-58699105,朝阳区东三环中路39号建外SOHO西区,Null,Null,Null,
0,人大附中朝阳实验学校,人大附中朝阳实验学校,公办,区重点,九年一贯制,010-84158116,北京市朝阳区太阳宫南街8号,http://www.rdfzcy.cn,中国人民大学附属中学朝阳学校/,太阳公元 , 2组团1号楼、1组团1号楼、2组团5号楼、2号楼、3号楼、4号楼、5号楼、6号楼、2组团6号楼、7号楼、8号楼、9号楼、10号楼、11号楼、12号楼、13号楼、15号楼、2组团2号楼、2组团3号楼
0,人大附中朝阳实验学校,人大附中朝阳实验学校,公办,区重点,九年一贯制,010-84158116,北京市朝阳区太阳宫南街8号,http://www.rdfzcy.cn,中国人民大学附属中学朝阳学校/,红玺台 , 5号楼、4号楼、1号楼、2号楼、9号楼、3号楼、6号楼、8号楼、10号楼
0,人大附中朝阳实验学校,人大附中朝阳实验学校,公办,区重点,九年一贯制,010-84158116,北京市朝阳区太阳宫南街8号,http://www.rdfzcy.cn,中国人民大学附属中学朝阳学校/,火星园 , 2号楼、3号楼、4号楼、7号楼、8号楼、9号楼、10号楼、11号楼、12号楼
0,人大附中朝阳实验学校,人大附中朝阳实验学校,公办,区重点,九年一贯制,010-84158116,北京市朝阳区太阳宫南街8号,http://www.rdfzcy.cn,中国人民大学附属中学朝阳学校/,丰和园 , 15号院2号楼、15号院4号楼、15号院1号楼、17号楼、19号院2号楼、19号院3号楼、19号院1号楼、19号院4号楼、19号院5号楼、21号楼
0,北京市朝阳区师范附属小学和平街校区,朝师附小和平街校区,公办,区重点,九年一贯制,010-64294669,北京市朝阳区和平里十一区甲17号,http://www.bjcsfx.com/csfx/catalog.jhtml?viewId=46,北京市和平街第一中学/,和平街十区 , 2号楼、3号楼、4号楼、6号楼、7号楼、8号楼、9号楼、10号楼、11号楼、12号楼、13号楼、14号楼、15号楼、16号楼、17号楼、18号楼、19号楼、20号楼、21号楼、22号楼、23号楼、24号楼、25号楼、26号楼、27号楼、28号楼、29号楼、21号楼北平房
0,北京市朝阳区师范附属小学和平街校区,朝师附小和平街校区,公办,区重点,九年一贯制,010-64294669,北京市朝阳区和平里十一区甲17号,http://www.bjcsfx.com/csfx/catalog.jhtml?viewId=46,北京市和平街第一中学/,和平街十一区 , 2号楼、3号楼、4号楼、5号楼、6号楼、7号楼、8号楼、9号楼、10号楼、11号楼、12号楼、甲13号楼、13号楼、14号楼、15号楼、甲16号楼、16号楼、18号楼、19号楼、20号楼、21号楼、22号楼、23号楼、24号楼、25号楼、甲26号楼、26号楼、27号楼、28号楼、29号楼、30号楼、31号楼、32号楼、33号楼、34号楼、35号楼、36号楼、37号楼、39号楼
0,北京市朝阳区师范附属小学和平街校区,朝师附小和平街校区,公办,区重点,九年一贯制,010-64294669,北京市朝阳区和平里十一区甲17号,http://www.bjcsfx.com/csfx/catalog.jhtml?viewId=46,北京市和平街第一中学/,豪威家园 , 20号楼
0,北京市朝阳区师范附属小学和平街校区,朝师附小和平街校区,公办,区重点,九年一贯制,010-64294669,北京市朝阳区和平里十一区甲17号,http://www.bjcsfx.com/csfx/catalog.jhtml?viewId=46,北京市和平街第一中学/,和平里八区 , 甲18号楼、简易北楼、简易南楼、简易中楼、1号楼、2号楼、3号楼、5号楼、7号楼、8号楼、9号楼、10号楼、11号楼、12号楼、13号楼、14号楼、15号楼、17号楼、甲17号楼、18号楼、19号楼
0,北京市朝阳区师范附属小学和平街校区,朝师附小和平街校区,公办,区重点,九年一贯制,010-64294669,北京市朝阳区和平里十一区甲17号,http://www.bjcsfx.com/csfx/catalog.jhtml?viewId=46,北京市和平街第一中学/,建研院 , 1号楼、2号楼、3号楼、4号楼、5号楼、6号楼、7号楼、8号楼、9号楼、10号楼、11号楼、12号楼、15号楼
0,北京市朝阳区师范附属小学和平街校区,朝师附小和平街校区,公办,区重点,九年一贯制,010-64294669,北京市朝阳区和平里十一区甲17号,http://www.bjcsfx.com/csfx/catalog.jhtml?viewId=46,北京市和平街第一中学/,小黄庄前街3号院 , 3号楼、4号楼、5号楼、6号楼、7号楼、8号楼
0,北京市朝阳区师范附属小学和平街校区,朝师附小和平街校区,公办,区重点,九年一贯制,010-64294669,北京市朝阳区和平里十一区甲17号,http://www.bjcsfx.com/csfx/catalog.jhtml?viewId=46,北京市和平街第一中学/,和平西街 , 1号楼、2号楼、3号楼、5号楼
0,北京市朝阳区师范附属小学和平街校区,朝师附小和平街校区,公办,区重点,九年一贯制,010-64294669,北京市朝阳区和平里十一区甲17号,http://www.bjcsfx.com/csfx/catalog.jhtml?viewId=46,北京市和平街第一中学/,和平西街1号院 , 1号楼、3号楼
0,北京市朝阳区师范附属小学和平街校区,朝师附小和平街校区,公办,区重点,九年一贯制,010-64294669,北京市朝阳区和平里十一区甲17号,http://www.bjcsfx.com/csfx/catalog.jhtml?viewId=46,北京市和平街第一中学/,青年沟23号院 , 1号楼、2号楼、3号楼、4号楼
0,北京市朝阳区师范附属小学和平街校区,朝师附小和平街校区,公办,区重点,九年一贯制,010-64294669,北京市朝阳区和平里十一区甲17号,http://www.bjcsfx.com/csfx/catalog.jhtml?viewId=46,北京市和平街第一中学/,小黄庄前街四条 , 1号楼、2号楼
0,北京市朝阳区师范附属小学和平街校区,朝师附小和平街校区,公办,区重点,九年一贯制,010-64294669,北京市朝阳区和平里十一区甲17号,http://www.bjcsfx.com/csfx/catalog.jhtml?viewId=46,北京市和平街第一中学/,和平西苑 , 甲10号楼、乙10号楼
0,北京市朝阳区师范附属小学和平街校区,朝师附小和平街校区,公办,区重点,九年一贯制,010-64294669,北京市朝阳区和平里十一区甲17号,http://www.bjcsfx.com/csfx/catalog.jhtml?viewId=46,北京市和平街第一中学/,小黄庄前街13号院 , 1号楼、2号楼、3号楼、4号楼、5号楼
0,北京市朝阳区师范附属小学和平街校区,朝师附小和平街校区,公办,区重点,九年一贯制,010-64294669,北京市朝阳区和平里十一区甲17号,http://www.bjcsfx.com/csfx/catalog.jhtml?viewId=46,北京市和平街第一中学/,小黄庄前街2号院 , 2号楼
0,北京市朝阳区师范附属小学和平街校区,朝师附小和平街校区,公办,区重点,九年一贯制,010-64294669,北京市朝阳区和平里十一区甲17号,http://www.bjcsfx.com/csfx/catalog.jhtml?viewId=46,北京市和平街第一中学/,安和家园 , 0号楼
0,北京市朝阳区师范附属小学和平街校区,朝师附小和平街校区,公办,区重点,九年一贯制,010-64294669,北京市朝阳区和平里十一区甲17号,http://www.bjcsfx.com/csfx/catalog.jhtml?viewId=46,北京市和平街第一中学/,小黄庄三条9号院 , 0号楼
0,北京市朝阳区师范附属小学和平街校区,朝师附小和平街校区,公办,区重点,九年一贯制,010-64294669,北京市朝阳区和平里十一区甲17号,http://www.bjcsfx.com/csfx/catalog.jhtml?viewId=46,北京市和平街第一中学/,小黄庄甲8号院 , 5号楼、6号楼
0,朝阳师范学校附属小学太阳星城校区,朝师附小太阳宫校区/朝师附小太阳星城校区/朝阳师范学校附属小学太阳星城校区,公办,区重点,派位,010-64294669,太阳宫中路夏家园,http://www.bjcsfx.com,北京市五路居第一中学/北京中医学院附属中学/北京化工大学附属中学安北校区/北京市和平街第一中学/中国人民大学附属中学朝阳学校/,金星园 , 1号楼、2号楼、3号楼、4号楼、5号楼、6号楼、甲6号楼、10号楼、11号楼、12号楼、15号楼、16号楼、18号楼
0,朝阳师范学校附属小学太阳星城校区,朝师附小太阳宫校区/朝师附小太阳星城校区/朝阳师范学校附属小学太阳星城校区,公办,区重点,派位,010-64294669,太阳宫中路夏家园,http://www.bjcsfx.com,北京市五路居第一中学/北京中医学院附属中学/北京化工大学附属中学安北校区/北京市和平街第一中学/中国人民大学附属中学朝阳学校/,裘马都 , 1号楼、2号楼、3号楼、4号楼、5号楼、6号楼、7号楼、8号楼、9号楼
0,朝阳师范学校附属小学太阳星城校区,朝师附小太阳宫校区/朝师附小太阳星城校区/朝阳师范学校附属小学太阳星城校区,公办,区重点,派位,010-64294669,太阳宫中路夏家园,http://www.bjcsfx.com,北京市五路居第一中学/北京中医学院附属中学/北京化工大学附属中学安北校区/北京市和平街第一中学/中国人民大学附属中学朝阳学校/,新纪家园 , 1号楼、2号楼、3号楼、4号楼、5号楼、7号楼、8号楼、9号楼、10号楼
0,朝阳师范学校附属小学太阳星城校区,朝师附小太阳宫校区/朝师附小太阳星城校区/朝阳师范学校附属小学太阳星城校区,公办,区重点,派位,010-64294669,太阳宫中路夏家园,http://www.bjcsfx.com,北京市五路居第一中学/北京中医学院附属中学/北京化工大学附属中学安北校区/北京市和平街第一中学/中国人民大学附属中学朝阳学校/,万方景轩 , 甲6号楼、6号楼
0,朝阳师范学校附属小学太阳星城校区,朝师附小太阳宫校区/朝师附小太阳星城校区/朝阳师范学校附属小学太阳星城校区,公办,区重点,派位,010-64294669,太阳宫中路夏家园,http://www.bjcsfx.com,北京市五路居第一中学/北京中医学院附属中学/北京化工大学附属中学安北校区/北京市和平街第一中学/中国人民大学附属中学朝阳学校/,水星园 , 15号楼、16号楼、18号楼、19号楼、20号楼、21号楼、22号楼
0,朝阳师范学校附属小学太阳星城校区,朝师附小太阳宫校区/朝师附小太阳星城校区/朝阳师范学校附属小学太阳星城校区,公办,区重点,派位,010-64294669,太阳宫中路夏家园,http://www.bjcsfx.com,北京市五路居第一中学/北京中医学院附属中学/北京化工大学附属中学安北校区/北京市和平街第一中学/中国人民大学附属中学朝阳学校/,半岛国际公寓 , 11号楼、12号楼
0,朝阳师范学校附属小学太阳星城校区,朝师附小太阳宫校区/朝师附小太阳星城校区/朝阳师范学校附属小学太阳星城校区,公办,区重点,派位,010-64294669,太阳宫中路夏家园,http://www.bjcsfx.com,北京市五路居第一中学/北京中医学院附属中学/北京化工大学附属中学安北校区/北京市和平街第一中学/中国人民大学附属中学朝阳学校/,太阳国际公馆 , A座、B座
0,朝阳师范学校附属小学太阳星城校区,朝师附小太阳宫校区/朝师附小太阳星城校区/朝阳师范学校附属小学太阳星城校区,公办,区重点,派位,010-64294669,太阳宫中路夏家园,http://www.bjcsfx.com,北京市五路居第一中学/北京中医学院附属中学/北京化工大学附属中学安北校区/北京市和平街第一中学/中国人民大学附属中学朝阳学校/,西坝河北里 , 1号楼、2号楼、3号楼、4号楼、5号楼、11号楼、13号楼、14号楼、15号楼、16号楼、21号楼、22号楼、23号楼、24号楼、甲25号楼
0,朝阳师范学校附属小学太阳星城校区,朝师附小太阳宫校区/朝师附小太阳星城校区/朝阳师范学校附属小学太阳星城校区,公办,区重点,派位,010-64294669,太阳宫中路夏家园,http://www.bjcsfx.com,北京市五路居第一中学/北京中医学院附属中学/北京化工大学附属中学安北校区/北京市和平街第一中学/中国人民大学附属中学朝阳学校/,和泰园 , 25号楼
0,朝阳师范学校附属小学太阳星城校区,朝师附小太阳宫校区/朝师附小太阳星城校区/朝阳师范学校附属小学太阳星城校区,公办,区重点,派位,010-64294669,太阳宫中路夏家园,http://www.bjcsfx.com,北京市五路居第一中学/北京中医学院附属中学/北京化工大学附属中学安北校区/北京市和平街第一中学/中国人民大学附属中学朝阳学校/,西坝河北里202号院 , 2号楼、3号楼、4号楼、5号楼、6号楼、7号楼、8号楼
0,朝阳师范学校附属小学太阳星城校区,朝师附小太阳宫校区/朝师附小太阳星城校区/朝阳师范学校附属小学太阳星城校区,公办,区重点,派位,010-64294669,太阳宫中路夏家园,http://www.bjcsfx.com,北京市五路居第一中学/北京中医学院附属中学/北京化工大学附属中学安北校区/北京市和平街第一中学/中国人民大学附属中学朝阳学校/,国展新座 , 1号楼、2号楼、3号楼
0,朝阳师范学校附属小学太阳星城校区,朝师附小太阳宫校区/朝师附小太阳星城校区/朝阳师范学校附属小学太阳星城校区,公办,区重点,派位,010-64294669,太阳宫中路夏家园,http://www.bjcsfx.com,北京市五路居第一中学/北京中医学院附属中学/北京化工大学附属中学安北校区/北京市和平街第一中学/中国人民大学附属中学朝阳学校/,社科院 , 17号楼、18号楼、19号楼、20号楼
0,朝阳师范学校附属小学太阳星城校区,朝师附小太阳宫校区/朝师附小太阳星城校区/朝阳师范学校附属小学太阳星城校区,公办,区重点,派位,010-64294669,太阳宫中路夏家园,http://www.bjcsfx.com,北京市五路居第一中学/北京中医学院附属中学/北京化工大学附属中学安北校区/北京市和平街第一中学/中国人民大学附属中学朝阳学校/,西坝河北里201号院 , 1号楼、2号楼
0,朝阳师范学校附属小学太阳星城校区,朝师附小太阳宫校区/朝师附小太阳星城校区/朝阳师范学校附属小学太阳星城校区,公办,区重点,派位,010-64294669,太阳宫中路夏家园,http://www.bjcsfx.com,北京市五路居第一中学/北京中医学院附属中学/北京化工大学附属中学安北校区/北京市和平街第一中学/中国人民大学附属中学朝阳学校/,火星园 , 9号楼
0,朝阳师范学校附属小学太阳星城校区,朝师附小太阳宫校区/朝师附小太阳星城校区/朝阳师范学校附属小学太阳星城校区,公办,区重点,派位,010-64294669,太阳宫中路夏家园,http://www.bjcsfx.com,北京市五路居第一中学/北京中医学院附属中学/北京化工大学附属中学安北校区/北京市和平街第一中学/中国人民大学附属中学朝阳学校/,土星园 , 1号楼、2号楼、3号楼、4号楼、5号楼、6号楼
0,北京市朝阳区第二实验小学远洋一方校区,朝阳朝阳实验二小远洋一方校区/远洋一方小学,公办,普通,派位,010-65761083,北京市朝阳区双桥东路（远洋一方小区内）,北京第二外国语学院附属中学/,东一时区 , 1号楼、10号院2号楼、2号楼、10号院3号楼、3号楼、5号楼、10号院6号楼、6号楼、7号楼、8号楼、9号楼、10号楼、11号楼、12号楼、13号楼、16号楼、17号楼、18号楼、19号楼、20号楼,
0,北京市朝阳区第二实验小学远洋一方校区,朝阳朝阳实验二小远洋一方校区/远洋一方小学,公办,普通,派位,010-65761083,北京市朝阳区双桥东路（远洋一方小区内）,北京第二外国语学院附属中学/,远洋一方新悦二期 , 1号楼、2号楼、3号楼、4号楼、5号楼、6号楼、7号楼,
0,北京市朝阳区第二实验小学远洋一方校区,朝阳朝阳实验二小远洋一方校区/远洋一方小学,公办,普通,派位,010-65761083,北京市朝阳区双桥东路（远洋一方小区内）,北京第二外国语学院附属中学/,远洋一方北润园 , 1号楼、2号楼、3号楼、4号楼、5号楼、6号楼、7号楼、8号楼、9号楼、10号楼、11号楼、12号楼,
0,北京市朝阳区第二实验小学远洋一方校区,朝阳朝阳实验二小远洋一方校区/远洋一方小学,公办,普通,派位,010-65761083,北京市朝阳区双桥东路（远洋一方小区内）,北京第二外国语学院附属中学/,远洋一方润园2号院 , 1号楼(原11号楼)、2号楼(原12号楼)、3号楼(原13号楼)、4号楼(原14号楼)、5号楼(原10号楼)、6号楼(原9号楼)、7号楼(原6号楼)、8号楼(原7号楼)、9号楼(原8号楼)、10号楼(原5号楼)、11号楼(原4号楼)、12号楼(原3号楼)、13号楼(原2号楼),
0,北京市朝阳区第二实验小学远洋一方校区,朝阳朝阳实验二小远洋一方校区/远洋一方小学,公办,普通,派位,010-65761083,北京市朝阳区双桥东路（远洋一方小区内）,北京第二外国语学院附属中学/,远洋一方溪语苑 , 1号楼、9号楼、2号楼、3号楼、4号楼、5号楼、6号楼、7号楼、8号楼、10号楼、11号楼、13号楼、12号楼、16号楼、14号楼、15号楼、17号楼、18号楼、19号楼、20号楼、21号楼,
0,北京市朝阳区第二实验小学远洋一方校区,朝阳朝阳实验二小远洋一方校区/远洋一方小学,公办,普通,派位,010-65761083,北京市朝阳区双桥东路（远洋一方小区内）,北京第二外国语学院附属中学/,远洋一方林语苑 , 4号楼、36号楼(1)、37号楼(2)、38号楼(3)、40号楼(5)、41号楼(7)、42号楼(6)、43号楼(8)、44号楼(9)、45号楼(10),
0,北京市朝阳区第二实验小学远洋一方校区,朝阳朝阳实验二小远洋一方校区/远洋一方小学,公办,普通,派位,010-65761083,北京市朝阳区双桥东路（远洋一方小区内）,北京第二外国语学院附属中学/,远洋一方新悦一期 , 1号楼、3号楼、4号楼、5号楼,
0,北京市朝阳区第二实验小学远洋一方校区,朝阳朝阳实验二小远洋一方校区/远洋一方小学,公办,普通,派位,010-65761083,北京市朝阳区双桥东路（远洋一方小区内）,北京第二外国语学院附属中学/,远洋一方花语苑 , 1号楼、2号楼、3号楼、4号楼、5号楼、6号楼、7号楼、8号楼、9号楼、11号楼、12号楼、13号楼,
0,北京市朝阳区第二实验小学远洋一方校区,朝阳朝阳实验二小远洋一方校区/远洋一方小学,公办,普通,派位,010-65761083,北京市朝阳区双桥东路（远洋一方小区内）,北京第二外国语学院附属中学/,远洋一方润园6号院 , 2号楼、5号楼、6号楼、8号楼、9号楼、10号楼、11号楼,
0,北京市朝阳区第二实验小学远洋一方校区,朝阳朝阳实验二小远洋一方校区/远洋一方小学,公办,普通,派位,010-65761083,北京市朝阳区双桥东路（远洋一方小区内）,北京第二外国语学院附属中学/,远洋一方润园3号院 , 2号楼、9号楼,
0,北京市朝阳区芳草地国际学校远洋小学,芳草地远洋小学/远洋小学,公办,区重点,派位,010-85865637,朝阳区八里庄西里1号远洋天地内,http://www.fcd.com.cn/fcd/catalog.jhtml?viewId=76,北京教育学院朝阳分院附属学校/北京市华中师大一附中朝阳学校/北京市东方德才学校/,远洋天地二期 , 68号楼、69号楼、70号楼、71号楼、72号楼、73号楼、75号楼
0,北京市朝阳区芳草地国际学校远洋小学,芳草地远洋小学/远洋小学,公办,区重点,派位,010-85865637,朝阳区八里庄西里1号远洋天地内,http://www.fcd.com.cn/fcd/catalog.jhtml?viewId=76,北京教育学院朝阳分院附属学校/北京市华中师大一附中朝阳学校/北京市东方德才学校/,远洋天地三期 , 62号楼、63号楼、64号楼、65号楼、66号楼、67号楼
0,北京市朝阳区芳草地国际学校远洋小学,芳草地远洋小学/远洋小学,公办,区重点,派位,010-85865637,朝阳区八里庄西里1号远洋天地内,http://www.fcd.com.cn/fcd/catalog.jhtml?viewId=76,北京教育学院朝阳分院附属学校/北京市华中师大一附中朝阳学校/北京市东方德才学校/,远洋天地一期 , 51号楼、52号楼、53号楼、54号楼、55号楼、56号楼、57号楼、58号楼、59号楼
0,青院附中小学部,公办,普通,九年一贯制,010-64357394,北京市朝阳区大山子西里10号,http://www.qyfzh.com/jiazhang/html/?2993.html,Null,Null,Null,
0,北京市朝阳区垂杨柳中心小学金都校区,垂杨柳中心小学金都校区,公办,区重点,直升,010-67713695,北京市朝阳区垂杨柳中里１４号楼北侧,http://www.chuizhongxin.com,北京市第十七中学/,沿海赛洛城 , 301号楼、302号楼、303号楼、304号楼、305号楼、306号楼、307号楼、308号楼、309号楼、310号楼、311号楼、312号楼、313号楼、314号楼、316号楼、317号楼、318号楼、319号楼、320号楼、321号楼、322号楼、324号楼、409号楼、412号楼、413号楼、416号楼、418号楼、419号楼、420号楼
0,北京市朝阳区垂杨柳中心小学金都校区,垂杨柳中心小学金都校区,公办,区重点,直升,010-67713695,北京市朝阳区垂杨柳中里１４号楼北侧,http://www.chuizhongxin.com,北京市第十七中学/,大成国际 , 80号楼
0,北京市朝阳区垂杨柳中心小学金都校区,垂杨柳中心小学金都校区,公办,区重点,直升,010-67713695,北京市朝阳区垂杨柳中里１４号楼北侧,http://www.chuizhongxin.com,北京市第十七中学/,百子湾家园二区 , 201号楼、202号楼、203号楼、204号楼、205号楼、206号楼、207号楼、208号楼
0,北京市朝阳区垂杨柳中心小学金都校区,垂杨柳中心小学金都校区,公办,区重点,直升,010-67713695,北京市朝阳区垂杨柳中里１４号楼北侧,http://www.chuizhongxin.com,北京市第十七中学/,金都杭城东区 , 102号楼、103号楼、108号楼、109号楼、110号楼、111号楼
0,北京市朝阳区垂杨柳中心小学金都校区,垂杨柳中心小学金都校区,公办,区重点,直升,010-67713695,北京市朝阳区垂杨柳中里１４号楼北侧,http://www.chuizhongxin.com,北京市第十七中学/,金都杭城西区 , 101号楼、105号楼、106号楼、107号楼
0,北京市朝阳区垂杨柳中心小学金都校区,垂杨柳中心小学金都校区,公办,区重点,直升,010-67713695,北京市朝阳区垂杨柳中里１４号楼北侧,http://www.chuizhongxin.com,北京市第十七中学/,百子湾家园三区 , 301号楼、302号楼、303号楼、304号楼、305号楼、306号楼、307号楼、308号楼、309号楼
0,北京市朝阳区垂杨柳中心小学金都校区,垂杨柳中心小学金都校区,公办,区重点,直升,010-67713695,北京市朝阳区垂杨柳中里１４号楼北侧,http://www.chuizhongxin.com,北京市第十七中学/,百子湾家园一区 , 101号楼、102号楼、103号楼、104号楼、105号楼、106号楼
0,北京市朝阳区垂杨柳中心小学金都校区,垂杨柳中心小学金都校区,公办,区重点,直升,010-67713695,北京市朝阳区垂杨柳中里１４号楼北侧,http://www.chuizhongxin.com,北京市第十七中学/,金泰先锋北区 , 331号楼、332号楼、333号楼、335号楼、336号楼、337号楼、338号楼
0,北京市朝阳区垂杨柳中心小学金都校区,垂杨柳中心小学金都校区,公办,区重点,直升,010-67713695,北京市朝阳区垂杨柳中里１４号楼北侧,http://www.chuizhongxin.com,北京市第十七中学/,金泰先锋南区 , 426号楼、428号楼、429号楼
0,北京市朝阳区垂杨柳中心小学金都校区,垂杨柳中心小学金都校区,公办,区重点,直升,010-67713695,北京市朝阳区垂杨柳中里１４号楼北侧,http://www.chuizhongxin.com,北京市第十七中学/,石门村路5号院 , 3号楼、4号楼
0,北京市朝阳区垂杨柳中心小学金都校区,垂杨柳中心小学金都校区,公办,区重点,直升,010-67713695,北京市朝阳区垂杨柳中里１４号楼北侧,http://www.chuizhongxin.com,北京市第十七中学/,百子湾路小区 , 甲1号、1号楼、2号楼、3号楼、4号楼、6号楼、7号楼、8号楼、21号楼
0,北京市朝阳区垂杨柳中心小学金都校区,垂杨柳中心小学金都校区,公办,区重点,直升,010-67713695,北京市朝阳区垂杨柳中里１４号楼北侧,http://www.chuizhongxin.com,北京市第十七中学/,水磨厂宿舍 , 2号楼、3号楼、4号楼、5号楼、7号楼、8号楼、9号楼、10号楼、11号楼
0,北京市朝阳区垂杨柳中心小学金都校区,垂杨柳中心小学金都校区,公办,区重点,直升,010-67713695,北京市朝阳区垂杨柳中里１４号楼北侧,http://www.chuizhongxin.com,北京市第十七中学/,铁路宿舍 , 1号楼、2号楼
0,北京市朝阳区垂杨柳中心小学金都校区,垂杨柳中心小学金都校区,公办,区重点,直升,010-67713695,北京市朝阳区垂杨柳中里１４号楼北侧,http://www.chuizhongxin.com,北京市第十七中学/,北京第二制药厂宿舍 , 6号楼
0,北京市朝阳区垂杨柳中心小学金都校区,垂杨柳中心小学金都校区,公办,区重点,直升,010-67713695,北京市朝阳区垂杨柳中里１４号楼北侧,http://www.chuizhongxin.com,北京市第十七中学/,石门村路2号院 , 1号楼、2号楼、3号楼、4号楼、10号楼
0,北京市朝阳区垂杨柳中心小学金都校区,垂杨柳中心小学金都校区,公办,区重点,直升,010-67713695,北京市朝阳区垂杨柳中里１４号楼北侧,http://www.chuizhongxin.com,北京市第十七中学/,中水电 , 1号楼、2号楼
0,北京市朝阳区垂杨柳中心小学金都校区,垂杨柳中心小学金都校区,公办,区重点,直升,010-67713695,北京市朝阳区垂杨柳中里１４号楼北侧,http://www.chuizhongxin.com,北京市第十七中学/,元件九厂 , 1号楼
0,北京市朝阳区垂杨柳中心小学金都校区,垂杨柳中心小学金都校区,公办,区重点,直升,010-67713695,北京市朝阳区垂杨柳中里１４号楼北侧,http://www.chuizhongxin.com,北京市第十七中学/,东郊木材厂宿舍 , 1号楼、2号楼、3号楼、4号楼
0,北京市朝阳区垂杨柳中心小学金都校区,垂杨柳中心小学金都校区,公办,区重点,直升,010-67713695,北京市朝阳区垂杨柳中里１４号楼北侧,http://www.chuizhongxin.com,北京市第十七中学/,百子湾路13号 , 13号楼
0,清华附中朝阳学校,公办,区重点,派位,010-64686990,朝阳区新源街12号，小学部校区在新源里校区对面,http://www.qhfzcyxx.com/,Null,Null,Null,
0,北京市朝阳区光华路第一小学,北京光华路一小,公办,区重点,派位,010-65954680,北京市朝阳区光华东里19号,Null,Null,Null,
0,北京市朝阳区华严里小学,公办,普通,派位,010-62007548,北京市朝阳区华严北里21号楼,http://www.huayanli.com/,Null,Null,Null,
0,北京市定福庄第四小学,公办,普通,派位,010-65771804,定福庄北街,Null,Null,Null,,
0,北京市润丰学校小学部,公办,普通,九年一贯制,010-85519898,北京市朝阳区青年路西里6号院,Null,Null,Null,,
0,北师大朝阳附小,公办,区重点,派位,010-82723198,北京市朝阳区林萃路倚林佳园26号楼,http://www.bsdcyfx.com,Null,Null,Null,
0,北京市朝阳区星河实验小学,公办,区重点,派位,010-85560198,北京市朝阳区朝阳北路四季星河路1号院,http://www.xinghe.bjchyedu.cn,Null,Null,Null,
0,北京市康乐园小学,公办,普通,派位,010-85762453,北京市朝阳区康家园小区14号楼,Null,Null,Null,,
0,北京市朝阳区金盏小学,公办,普通,派位,010-84333519,北京市朝阳区金盏乡,Null,Null,Null,,
0,北京朝阳新源里第四小学,新源里四小,公办,区重点,派位,010-64672023,北京市朝阳区三源里北小街5号,Null,Null,Null,
0,北京市大望路小学,公办,区重点,派位,010-65813892,北京市朝阳区大望路5号,http://www.dwlxx.com,Null,Null,Null,
0,北京市朝阳区西直河小学,公办,普通,派位,010-67383841,北京市朝阳区西直河村,http://www.xzhxx.cn/,Null,Null,Null,
0,北京市朝阳区酒仙桥第二小学,酒仙桥二小,公办,普通,派位,010-64372893,北京市朝阳区酒仙桥红霞路9号,http://www.jxqex.cn/,Null,Null,Null
0,首师大附属实验学校小学部,公办,区重点,派位,010-64746401,北京市朝阳区望京花园133号,http://www.cnuwjschool.org,师大朝阳附中/,Null,Null,
0,北京师范大学奥林匹克花园实验小学,奥林匹克花园小学/北师大附属实验小学/奥小,公办,市重点,直升、派位,010-51079338,北京市朝阳区奥林匹克花园二期南区南门,http://www.olpkeps.com/,北京市第八十中管庄分校常青藤校区/,奥林匹克花园三期 , 300号楼、301号楼、302号楼、303号楼、305号楼、306号楼、307号楼、308号楼、309号楼、310号楼、311号楼、312号楼、700号楼、701号楼、702号楼、703号楼、705号楼、706号楼、707号楼、708号楼、709号楼、710号楼、711号楼
0,北京师范大学奥林匹克花园实验小学,奥林匹克花园小学/北师大附属实验小学/奥小,公办,市重点,直升、派位,010-51079338,北京市朝阳区奥林匹克花园二期南区南门,http://www.olpkeps.com/,北京市第八十中管庄分校常青藤校区/,康静里 , 1号楼、2号楼、4号楼、5号楼、6号楼、7号楼、8号楼、9号楼、10号楼、11号楼、12号楼、13号楼、14号楼、15号楼、16号楼、17号楼、18号楼、19号楼
0,北京师范大学奥林匹克花园实验小学,奥林匹克花园小学/北师大附属实验小学/奥小,公办,市重点,直升、派位,010-51079338,北京市朝阳区奥林匹克花园二期南区南门,http://www.olpkeps.com/,北京市第八十中管庄分校常青藤校区/,奥林匹克花园四期 , 500号楼、501号楼、502号楼、503号楼、505号楼、506号楼、507号楼、508号楼、509号楼、512号楼、510号楼、511号楼、600号楼、601号楼、602号楼、603号楼、605号楼、606号楼、607号楼、608号楼、609号楼、610号楼
0,北京师范大学奥林匹克花园实验小学,奥林匹克花园小学/北师大附属实验小学/奥小,公办,市重点,直升、派位,010-51079338,北京市朝阳区奥林匹克花园二期南区南门,http://www.olpkeps.com/,北京市第八十中管庄分校常青藤校区/,首开常青藤一期 , 1号楼、2号楼、3号楼、4号楼、5号楼、6号楼、7号楼、8号楼、9号楼、10号楼、11号楼、12号楼、13号楼、14号楼、15号楼、16号楼、17号楼、18号楼、19号楼
0,北京师范大学奥林匹克花园实验小学,奥林匹克花园小学/北师大附属实验小学/奥小,公办,市重点,直升、派位,010-51079338,北京市朝阳区奥林匹克花园二期南区南门,http://www.olpkeps.com/,北京市第八十中管庄分校常青藤校区/,首开常青藤二期 , 1号楼、2号楼、3号楼、4号楼、5号楼、6号楼、7号楼、8号楼、9号楼、10号楼、19号楼、11号楼、12号楼、13号楼、14号楼、15号楼、16号楼、17号楼、18号楼、20号楼、21号楼
0,北京师范大学奥林匹克花园实验小学,奥林匹克花园小学/北师大附属实验小学/奥小,公办,市重点,直升、派位,010-51079338,北京市朝阳区奥林匹克花园二期南区南门,http://www.olpkeps.com/,北京市第八十中管庄分校常青藤校区/,首开常青藤四期 , 1号楼、2号楼、3号楼、5号楼、15号楼、16号楼、18号楼、19号楼、21号楼、22号楼、23号楼、26号楼、28号楼、29号楼、30号楼、31号楼、37号楼、25号楼、40号楼、27号楼、24号楼、33号楼、39号楼、20号楼、34号楼、36号楼、38号楼、41号楼、42号楼、43号楼
0,北京师范大学奥林匹克花园实验小学,奥林匹克花园小学/北师大附属实验小学/奥小,公办,市重点,直升、派位,010-51079338,北京市朝阳区奥林匹克花园二期南区南门,http://www.olpkeps.com/,北京市第八十中管庄分校常青藤校区/,奥林匹克花园一期 , 101号楼、102号楼、103号楼、105号楼、106号楼、107号楼、108号楼、109号楼、111号楼、112号楼、113号楼、115号楼、116号楼、117号楼、118号楼、119号楼、121号楼、122号楼、123号楼、125号楼、126号楼、131号楼、132号楼、133号楼、135号楼、136号楼、151号楼、152号楼、153号楼、155号楼、161号楼、162号楼、163号楼、165号楼、166号楼、167号楼、171号楼、172号楼、173号楼、175号楼、176号楼、181号楼、182号楼、183号楼、185号楼
0,北京师范大学奥林匹克花园实验小学,奥林匹克花园小学/北师大附属实验小学/奥小,公办,市重点,直升、派位,010-51079338,北京市朝阳区奥林匹克花园二期南区南门,http://www.olpkeps.com/,北京市第八十中管庄分校常青藤校区/,首开常青藤三期 , 25号楼、1号楼、3号楼、4号楼、6号楼、9号楼、10号楼、11号楼、12号楼、13号楼、14号楼、15号楼、16号楼、17号楼、18号楼、19号楼、20号楼、21号楼、22号楼、23号楼、24号楼
0,北京师范大学奥林匹克花园实验小学,奥林匹克花园小学/北师大附属实验小学/奥小,公办,市重点,直升、派位,010-51079338,北京市朝阳区奥林匹克花园二期南区南门,http://www.olpkeps.com/,北京市第八十中管庄分校常青藤校区/,奥林匹克花园二期 , 201号楼、202号楼、203号楼、205号楼、206号楼、211号楼、212号楼、213号楼、215号楼、221号楼、222号楼、223号楼、225号楼、231号楼、232号楼、233号楼、235号楼、236号楼、237号楼、238号楼、251号楼、252号楼、253号楼、255号楼、261号楼、262号楼、263号楼、265号楼、266号楼、271号楼、272号楼、273号楼
0,北京市第二实验小学朝阳学校,实验二小朝阳分校,公办,全国重点,派位,010-87152717,北京市朝阳区金茂府小区内,Null,Null,Null,
0,北京市曙光里小学,公办,普通,派位,010-64684864,北京市朝阳区东三环曙光电机厂北门外,Null,Null,Null,,
0,北京市朝阳区南磨房中心小学,公办,普通,派位,010-67317539,北京市朝阳区松榆东里3号楼,http://www.nmfzx.com,虎城中学/垂杨柳中学/,Null,Null,
0,北京市朝阳外国语学校慧忠里校区,朝阳外国语学校慧忠里校区/慧忠里小学,公办,区重点,九年一贯制,010-64885151,北京市朝阳区慧忠里小区414号楼,http://www.cyfls.net/,北京市朝阳外国语学校/,慧忠里 , 101号楼、102号楼、105号楼、106号楼、107号楼、109号楼、110号楼、111号楼、112号楼、115号楼、116号楼、117号楼、118号楼、119号楼、120号楼、121号楼、302号楼、304号楼、305号楼、306号楼、307号楼、309号楼、310号楼、311号楼、312号楼、313号楼、314号楼、315号楼、317号楼、402号楼、403号楼、404号楼、405号楼、406号楼、407号楼、408号楼、409号楼、410号楼、411号楼、412号楼、413号楼、415号楼、416号楼
0,北京市朝阳外国语学校慧忠里校区,朝阳外国语学校慧忠里校区/慧忠里小学,公办,区重点,九年一贯制,010-64885151,北京市朝阳区慧忠里小区414号楼,http://www.cyfls.net/,北京市朝阳外国语学校/,汇园公寓 , A座、B座、C座、D座、E座、F座、G座、H座、J座、K座、L座、M座、N座、P座、Q座、R座
0,北京市朝阳外国语学校慧忠里校区,朝阳外国语学校慧忠里校区/慧忠里小学,公办,区重点,九年一贯制,010-64885151,北京市朝阳区慧忠里小区414号楼,http://www.cyfls.net/,北京市朝阳外国语学校/,卧龙小区 , 202号楼、203号楼、204号楼、205号楼、206号楼、207号楼、208号楼、209号楼、210号楼、211号楼、212号楼、213号楼、214号楼、215号楼、218号楼、219号楼、220号楼、223号楼、224号楼、225号楼、226号楼、228号楼、229号楼、230号楼
0,北京市朝阳外国语学校慧忠里校区,朝阳外国语学校慧忠里校区/慧忠里小学,公办,区重点,九年一贯制,010-64885151,北京市朝阳区慧忠里小区414号楼,http://www.cyfls.net/,北京市朝阳外国语学校/,博世祥园 , 1号楼、2号楼、3号楼、4号楼、5号楼、6号楼、7号楼
0,北京市朝阳区芳草地国际学校世纪分校,芳草地国际学校/芳草地小学/芳小,公办,区重点,派位,010-84645147/010-84624377,北京市朝阳区育慧东路3号,http://www.fcd.com.cn/fcd/catalog.jhtml?viewId=82,北京市陈经纶中学嘉铭分校/北京中医药大学附属中学/北京市樱花实验学校/北京化工大学附属中学/,世纪村西区 , 1号楼、2号楼、5号楼、8号楼
0,北京市朝阳区芳草地国际学校世纪分校,芳草地国际学校/芳草地小学/芳小,公办,区重点,派位,010-84645147/010-84624377,北京市朝阳区育慧东路3号,http://www.fcd.com.cn/fcd/catalog.jhtml?viewId=82,北京市陈经纶中学嘉铭分校/北京中医药大学附属中学/北京市樱花实验学校/北京化工大学附属中学/,育慧里二区 , 1号楼、2号楼、3号楼、4号楼、5号楼、6号楼、7号楼、8号楼、9号楼、10号楼、11号楼、12号楼、14号楼、15号楼、16号楼、17号楼、18号楼、19号楼
0,北京市朝阳区芳草地国际学校世纪分校,芳草地国际学校/芳草地小学/芳小,公办,区重点,派位,010-84645147/010-84624377,北京市朝阳区育慧东路3号,http://www.fcd.com.cn/fcd/catalog.jhtml?viewId=82,北京市陈经纶中学嘉铭分校/北京中医药大学附属中学/北京市樱花实验学校/北京化工大学附属中学/,世纪村东区 , 一区1号楼、二区1号楼、一区2号楼、二区2号楼、一区3号楼、二区3号楼、一区4号楼、二区4号楼、一区5号楼、二区5号楼、一区6号楼、二区6号楼、一区7号楼、二区7号楼、一区8号楼、二区8号楼、一区9号楼、二区10号楼
0,北京市朝阳区芳草地国际学校世纪分校,芳草地国际学校/芳草地小学/芳小,公办,区重点,派位,010-84645147/010-84624377,北京市朝阳区育慧东路3号,http://www.fcd.com.cn/fcd/catalog.jhtml?viewId=82,北京市陈经纶中学嘉铭分校/北京中医药大学附属中学/北京市樱花实验学校/北京化工大学附属中学/,阳明广场 , 3号楼
0,北京市朝阳区芳草地国际学校世纪分校,芳草地国际学校/芳草地小学/芳小,公办,区重点,派位,010-84645147/010-84624377,北京市朝阳区育慧东路3号,http://www.fcd.com.cn/fcd/catalog.jhtml?viewId=82,北京市陈经纶中学嘉铭分校/北京中医药大学附属中学/北京市樱花实验学校/北京化工大学附属中学/,亚运花园 , 1号楼、2号楼、3号楼
0,北京市朝阳区芳草地国际学校世纪分校,芳草地国际学校/芳草地小学/芳小,公办,区重点,派位,010-84645147/010-84624377,北京市朝阳区育慧东路3号,http://www.fcd.com.cn/fcd/catalog.jhtml?viewId=82,北京市陈经纶中学嘉铭分校/北京中医药大学附属中学/北京市樱花实验学校/北京化工大学附属中学/,保利香槟花园 , 1号楼、2号楼
0,北京市朝阳区芳草地国际学校世纪分校,芳草地国际学校/芳草地小学/芳小,公办,区重点,派位,010-84645147/010-84624377,北京市朝阳区育慧东路3号,http://www.fcd.com.cn/fcd/catalog.jhtml?viewId=82,北京市陈经纶中学嘉铭分校/北京中医药大学附属中学/北京市樱花实验学校/北京化工大学附属中学/,育慧里一区 , 1号楼、2号楼、3号楼、4号楼
0,北京市朝阳区芳草地国际学校世纪分校,芳草地国际学校/芳草地小学/芳小,公办,区重点,派位,010-84645147/010-84624377,北京市朝阳区育慧东路3号,http://www.fcd.com.cn/fcd/catalog.jhtml?viewId=82,北京市陈经纶中学嘉铭分校/北京中医药大学附属中学/北京市樱花实验学校/北京化工大学附属中学/,天坛家具城 , 6号楼
0,北京市朝阳区芳草地国际学校世纪分校,芳草地国际学校/芳草地小学/芳小,公办,区重点,派位,010-84645147/010-84624377,北京市朝阳区育慧东路3号,http://www.fcd.com.cn/fcd/catalog.jhtml?viewId=82,北京市陈经纶中学嘉铭分校/北京中医药大学附属中学/北京市樱花实验学校/北京化工大学附属中学/,阳明国际公寓 , 1号楼、2号楼
0,清华大学附属中学朝阳学校,清华附中朝阳学校/新源里小学,公办,市重点,九年一贯制,010-62752087,中国北京市朝阳区新源街31号,http://www.qhfx.edu.cn,清华大学附属中学朝阳学校/,新源里西 , 1号楼、2号楼、3号楼、4号楼、5号楼、6号楼、7号楼、8号楼、9号楼、10号楼、11号楼、12号楼、14号楼、15号楼、18号楼
0,清华大学附属中学朝阳学校,清华附中朝阳学校/新源里小学,公办,市重点,九年一贯制,010-62752087,中国北京市朝阳区新源街31号,http://www.qhfx.edu.cn,清华大学附属中学朝阳学校/,新源南路 , 7号楼、8号楼、10号楼、11号楼、12号楼、15号楼
0,清华大学附属中学朝阳学校,清华附中朝阳学校/新源里小学,公办,市重点,九年一贯制,010-62752087,中国北京市朝阳区新源街31号,http://www.qhfx.edu.cn,清华大学附属中学朝阳学校/,琨莎中心 , D座、B座、C座、A座
0,清华大学附属中学朝阳学校,清华附中朝阳学校/新源里小学,公办,市重点,九年一贯制,010-62752087,中国北京市朝阳区新源街31号,http://www.qhfx.edu.cn,清华大学附属中学朝阳学校/,新源里东 , 1号楼、2号楼、3号楼、4号楼、5号楼、6号楼、7号楼、甲7号楼、8号楼、甲8号楼、9号楼、10号楼、甲3号楼
0,北京市朝阳区安华里第一小学,安华里一小,公办,区重点,派位,010-64212313,北京市朝阳区安华西里三区3号楼,北京市和平街第一中学/,安华西里一区 , 2号楼、3号楼、4号楼、5号楼、6号楼、8号楼、9号楼、10号楼、17号楼、18号楼、19号楼、20号楼、22号楼、24号楼、25号楼、27号楼、28号楼、29号楼、30号楼、31号楼、32号楼,
0,北京市朝阳区安华里第一小学,安华里一小,公办,区重点,派位,010-64212313,北京市朝阳区安华西里三区3号楼,北京市和平街第一中学/,安华里一区 , 1号楼、2号楼、3号楼、4号楼、5号楼、6号楼、7号楼、8号楼、9号楼、10号楼、11号楼、12号楼、13号楼、14号楼、15号楼、16号楼、17号楼、18号楼、19号楼,
0,北京市朝阳区安华里第一小学,安华里一小,公办,区重点,派位,010-64212313,北京市朝阳区安华西里三区3号楼,北京市和平街第一中学/,安华里四区 , 2号楼、6号楼、3号楼、9号楼、10号楼、12号楼、14号楼,
0,北京市朝阳区安华里第一小学,安华里一小,公办,区重点,派位,010-64212313,北京市朝阳区安华西里三区3号楼,北京市和平街第一中学/,安华西里二区 , 1号楼、2号楼、3号楼、4号楼、5号楼、6号楼、7号楼、8号楼、9号楼、10号楼、14号楼、15号楼、16号楼、17号楼,
0,北京市朝阳区安华里第一小学,安华里一小,公办,区重点,派位,010-64212313,北京市朝阳区安华西里三区3号楼,北京市和平街第一中学/,安华里五区 , 1号楼、2号楼、4号楼、5号楼、6号楼、8号楼、9号楼、12号楼、13号楼、14号楼、15号楼、16号楼、17号楼,
0,北京市朝阳区安华里第一小学,安华里一小,公办,区重点,派位,010-64212313,北京市朝阳区安华西里三区3号楼,北京市和平街第一中学/,安华西里三区 , 1号楼、2号楼、4号楼、5号楼、6号楼、7号楼、8号楼、9号楼、10号楼、11号楼、12号楼、14号楼、16号楼、17号楼、19号楼、20号楼、21号楼、22号楼,
0,北京市朝阳区安华里第一小学,安华里一小,公办,区重点,派位,010-64212313,北京市朝阳区安华西里三区3号楼,北京市和平街第一中学/,黄寺后身36号院 , 1号楼、2号楼、3号楼、4号楼,
0,北京市朝阳区安华里第一小学,安华里一小,公办,区重点,派位,010-64212313,北京市朝阳区安华西里三区3号楼,北京市和平街第一中学/,凯景铭座 , 1号楼、2号楼,
0,北京市朝阳区安华里第一小学,安华里一小,公办,区重点,派位,010-64212313,北京市朝阳区安华西里三区3号楼,北京市和平街第一中学/,安华里二区 , 2号楼、4号楼、8号楼、9号楼、13号楼、15号楼、16号楼、17号楼,
0,北京市朝阳区安华里第一小学,安华里一小,公办,区重点,派位,010-64212313,北京市朝阳区安华西里三区3号楼,北京市和平街第一中学/,外馆西街 , 1号楼、2号楼、3号楼、4号楼,
0,北京市朝阳区安华里第一小学,安华里一小,公办,区重点,派位,010-64212313,北京市朝阳区安华西里三区3号楼,北京市和平街第一中学/,外馆东街50号院 , 1号楼、2号楼、3号楼,
0,北京市朝阳区安华里第一小学,安华里一小,公办,区重点,派位,010-64212313,北京市朝阳区安华西里三区3号楼,北京市和平街第一中学/,黄寺大街28号院 , 1号楼、2号楼,
0,北京市朝阳区安华里第一小学,安华里一小,公办,区重点,派位,010-64212313,北京市朝阳区安华西里三区3号楼,北京市和平街第一中学/,黄寺大街甲3号 , 甲3号楼、甲3号、5号楼,
0,北京市朝阳区安华里第一小学,安华里一小,公办,区重点,派位,010-64212313,北京市朝阳区安华西里三区3号楼,北京市和平街第一中学/,科仪北楼 , 北楼,
0,北京市朝阳区安华里第一小学,安华里一小,公办,区重点,派位,010-64212313,北京市朝阳区安华西里三区3号楼,北京市和平街第一中学/,科仪南楼 , 南楼,
0,北京市朝阳区安华里第一小学,安华里一小,公办,区重点,派位,010-64212313,北京市朝阳区安华西里三区3号楼,北京市和平街第一中学/,外馆东街23号院 , 2号楼、5号楼,
0,北京市朝阳区第二实验小学双桥校区,朝阳实验二小双桥校区/双桥第一小学,公办,普通,派位,010-65894075,北京市朝阳区双桥路4号,http://www.bjcygx.com/,北京市双桥中学/北京陈经纶中学/北京市第十七中学/北京工业大学附属中学双桥分校/,双惠小区 , 1号楼、2号楼、3号楼、4号楼、5号楼、6号楼、7号楼、8号楼、9号楼、10号楼、11号楼、12号楼、13号楼、14号楼、15号楼、16号楼、17号楼、18号楼、19号楼、20号楼、21号楼、22号楼、23号楼、24号楼、25号楼、45号楼
0,北京市朝阳区第二实验小学双桥校区,朝阳实验二小双桥校区/双桥第一小学,公办,普通,派位,010-65894075,北京市朝阳区双桥路4号,http://www.bjcygx.com/,北京市双桥中学/北京陈经纶中学/北京市第十七中学/北京工业大学附属中学双桥分校/,水郡长安 , 东1号楼、西1号楼、东2号楼、西2号楼、东3号楼、西3号楼、东5号楼、西5号楼、西甲5栋、东6号楼、西6号楼、东7号楼、西7号楼、东8号楼、西8号楼、东9栋、西9栋、东10栋、西10栋、东11栋、西11栋、东12栋、东甲12栋、西12栋、西甲12栋、东15栋、东甲15栋、西15栋、西甲15栋、东16栋、西16栋、西17栋、东18栋、西18栋、东19栋、西19栋、东20栋、西20栋、东21栋、西21栋、东22栋、西22栋、东23栋、西23栋、东25栋、东甲25栋、西25栋、东26栋、东27栋
0,北京市朝阳区第二实验小学双桥校区,朝阳实验二小双桥校区/双桥第一小学,公办,普通,派位,010-65894075,北京市朝阳区双桥路4号,http://www.bjcygx.com/,北京市双桥中学/北京陈经纶中学/北京市第十七中学/北京工业大学附属中学双桥分校/,朝阳旺角 , 1号楼、2号楼、3号楼、4号楼、5号楼、6号楼、7号楼、8号楼、10号楼、11号楼、12号楼、13号楼、14号楼、15号楼、16号楼、17号楼、18号楼
0,北京市朝阳区第二实验小学双桥校区,朝阳实验二小双桥校区/双桥第一小学,公办,普通,派位,010-65894075,北京市朝阳区双桥路4号,http://www.bjcygx.com/,北京市双桥中学/北京陈经纶中学/北京市第十七中学/北京工业大学附属中学双桥分校/,东柳西里 , 1号楼、3号楼、4号楼、5号楼、6号楼、7号楼、8号楼、9号楼、10号楼、11号楼、12号楼、13号楼、14号楼、15号楼、16号楼、17号楼、18号楼、19号楼、20号楼、21号楼、22号楼、23号楼、24号楼、25号楼、26号楼、27号楼、28号楼、29号楼、30号楼、31号楼、32号楼、33号楼
0,北京师范大学三帆中学朝阳学校小学部,北师大三帆学校/三帆朝阳,公办,普通,九年一贯制,010-62059161,北京市朝阳区望京广顺北大街33号大西洋新城,北京师范大学三帆中学朝阳学校/,夏都盈座 , 1号楼、2号楼、3号楼,
0,北京师范大学三帆中学朝阳学校小学部,北师大三帆学校/三帆朝阳,公办,普通,九年一贯制,010-62059161,北京市朝阳区望京广顺北大街33号大西洋新城,北京师范大学三帆中学朝阳学校/,大西洋新城E区 , 522号楼、523号楼、525号楼、603号楼、605号楼,
0,北京师范大学三帆中学朝阳学校小学部,北师大三帆学校/三帆朝阳,公办,普通,九年一贯制,010-62059161,北京市朝阳区望京广顺北大街33号大西洋新城,北京师范大学三帆中学朝阳学校/,大西洋新城D区 , 210号楼、211号楼、212号楼,
0,北京师范大学三帆中学朝阳学校小学部,北师大三帆学校/三帆朝阳,公办,普通,九年一贯制,010-62059161,北京市朝阳区望京广顺北大街33号大西洋新城,北京师范大学三帆中学朝阳学校/,大西洋新城F区 , 501号楼、502号楼、503号楼、505号楼、506号楼、507号楼、508号楼、509号楼、512号楼、513号楼、515号楼、516号楼、517号楼、518号楼、519号楼、520号楼、521号楼、527号楼、529号楼,
0,北京师范大学三帆中学朝阳学校小学部,北师大三帆学校/三帆朝阳,公办,普通,九年一贯制,010-62059161,北京市朝阳区望京广顺北大街33号大西洋新城,北京师范大学三帆中学朝阳学校/,大西洋新城C区 , 301号楼、302号楼、303号楼、305号楼、306号楼、307号楼、308号楼、309号楼、310号楼,
0,北京师范大学三帆中学朝阳学校小学部,北师大三帆学校/三帆朝阳,公办,普通,九年一贯制,010-62059161,北京市朝阳区望京广顺北大街33号大西洋新城,北京师范大学三帆中学朝阳学校/,风格雅园 , 游泳池、1号楼、2号楼,
0,北京师范大学三帆中学朝阳学校小学部,北师大三帆学校/三帆朝阳,公办,普通,九年一贯制,010-62059161,北京市朝阳区望京广顺北大街33号大西洋新城,北京师范大学三帆中学朝阳学校/,大西洋新城A区 , 101号楼、102号楼、103号楼、105号楼、106号楼、107号楼、108号楼、109号楼、110号楼、111号楼、112号楼、115号楼、116号楼,
0,北京师范大学三帆中学朝阳学校小学部,北师大三帆学校/三帆朝阳,公办,普通,九年一贯制,010-62059161,北京市朝阳区望京广顺北大街33号大西洋新城,北京师范大学三帆中学朝阳学校/,大西洋新城B区 , 201号楼、202号楼、203号楼、205号楼、206号楼、207号楼、208号楼、209号楼,
0,北京师范大学三帆中学朝阳学校小学部,北师大三帆学校/三帆朝阳,公办,普通,九年一贯制,010-62059161,北京市朝阳区望京广顺北大街33号大西洋新城,北京师范大学三帆中学朝阳学校/,大西洋新城G区 , 311号楼、312号楼、313号楼,
0,北京师范大学三帆中学朝阳学校小学部,北师大三帆学校/三帆朝阳,公办,普通,九年一贯制,010-62059161,北京市朝阳区望京广顺北大街33号大西洋新城,北京师范大学三帆中学朝阳学校/,青年报社公寓 , 1号楼、2号楼、3号楼,
0,北京市朝阳区白家庄小学望京科技园校区,白家庄小学望京科技园分校/白家庄小学二分校,公办,普通,派位,010-64706630,望京西园115望京西园一区社区,http://www.tfbx.net,北京陈经纶中学/北京市望京实验学校/首都师范大学附属实验学校/,望京西园一区 , 101号楼、102号楼、103号楼、104号楼、109号楼、110号楼、111号楼、112号楼、113号楼、114号楼、115号楼、116号楼、118号楼、119号楼、120号楼、122号楼、123号楼、124号楼、128号楼、129号楼、130号楼、131号楼、132号楼、133号楼
0,北京市朝阳区白家庄小学望京科技园校区,白家庄小学望京科技园分校/白家庄小学二分校,公办,普通,派位,010-64706630,望京西园115望京西园一区社区,http://www.tfbx.net,北京陈经纶中学/北京市望京实验学校/首都师范大学附属实验学校/,星源国际 , 222号楼
0,北京市朝阳区白家庄小学望京科技园校区,白家庄小学望京科技园分校/白家庄小学二分校,公办,普通,派位,010-64706630,望京西园115望京西园一区社区,http://www.tfbx.net,北京陈经纶中学/北京市望京实验学校/首都师范大学附属实验学校/,慧谷阳光 , 201号楼、202号楼、203号楼、204号楼、205号楼、206号楼、207号楼、208号楼、209号楼、210号楼、211号楼
0,北京市朝阳区白家庄小学望京科技园校区,白家庄小学望京科技园分校/白家庄小学二分校,公办,普通,派位,010-64706630,望京西园115望京西园一区社区,http://www.tfbx.net,北京陈经纶中学/北京市望京实验学校/首都师范大学附属实验学校/,CLASS , 1号楼、2号楼、3号楼、4号楼、5号楼、6号楼、7号楼、8号楼、9号楼、10号楼、11号楼、15号楼、16号楼、18号楼、19号楼、20号楼、22号楼、23号楼、24号楼、25号楼、26号楼
0,北京市朝阳区白家庄小学望京科技园校区,白家庄小学望京科技园分校/白家庄小学二分校,公办,普通,派位,010-64706630,望京西园115望京西园一区社区,http://www.tfbx.net,北京陈经纶中学/北京市望京实验学校/首都师范大学附属实验学校/,望京西园二区 , 201号楼、202号楼、203号楼、204号楼、205号楼、206号楼、207号楼、208号楼、213号楼、214号楼、217号楼
0,北京拔萃双语学校,拔萃学校,私立,普通,直升、派位,010-65496621/010-65496628/13691254386,北京市朝阳区平房乡平房北街137号。,http://www.bacui.cn/,Null,Null,Null
0,陈经纶中学分校实验学校小学部,民办,普通,九年一贯制,18515825617,朝阳区将台地区东八间房51号（紧邻将府公园）。,http://www.cjlfx.net.cn/cjlfx/,Null,Null,Null,
0,北京市朝阳区实验小学润泽校区,公办,普通,派位,010-88205060,北京市朝阳区水岸庄园1007号,Null,Null,Null,,
0,北京市酒仙桥中心小学,公办,普通,派位,010-64373914,北京市朝阳区酒仙桥路乙28号,Null,Null,Null,,
0,北京市朝阳区安贞里第二小学,公办,普通,派位,010-64430189,北京市朝阳区安贞西里二区28楼,Null,Null,Null,,
0,北京市劲松第三小学,劲松三小,公办,普通,派位,010-67782086,中国北京市朝阳区潘家园路,Null,Null,Null,
0,北京市朝阳区永安里小学,公办,区重点,派位,010-65021372,北京市朝阳区永安里中街4号,Null,Null,Null,,
0,北京市朝阳区黄胄艺术实验小学,公办,普通,派位,010-64654119/010-64285131,北京市朝阳区西坝河西里15号,Null,Null,Null,,
0,北京市朝阳区三里屯小学,公办,区重点,派位,010-64150873,北京市朝阳区三里屯东街4号,http://sltxx.bjchyedu.cn,Null,Null,Null,
0,北京市光华路小学,公办,普通,派位,010-65023002,北京市朝阳区光华西里5号楼,Null,Null,Null,,
0,北京花家地第二小学,公办,普通,派位,010-64737106,北京市朝阳区花家地西里113号楼,Null,Null,Null,,
0,陈经纶中学帝景分校,公办,区重点,派位,010-85615645,北京市,Null,Null,Null,,
0,北京市朝阳区兴隆小学,公办,普通,派位,010-85756182,朝阳区兴隆中街兴隆家园31号,Null,Null,Null,,
0,北京青年政治学院附属中学小学部,公办,普通,派位,小学部64372450,朝阳区大山子西里甲10号,Null,Null,Null,,
0,陈经纶中学嘉铭校区东校区,公办,普通,派位,010-84857604,北苑路86号院嘉铭园,Null,Null,Null,,
0,清华大学附属中学朝阳学校小学部,公办,区重点,九年一贯制,64652102,中国北京市朝阳区新源街31号,Null,Null,Null,,
0,团结湖小学,公办,普通,派位,010-65825526,北京市朝阳区团结湖北头条10号楼,Null,Null,Null,,
0,朝阳师范学校附属小学望京校区,公办,普通,派位,010-64749287,北京市朝阳区利泽西园116,http://www.bjcsfx.com/csfx/catalog.jhtml?viewId=48,北京市朝阳区陈经纶中学分校/首都师范大学附属实验学校/,澳洲康都 , 车库 1号楼 2号楼 3号楼 4号楼 5号楼 6号楼 7号楼 8号楼 10号楼 11号楼,
0,朝阳师范学校附属小学望京校区,公办,普通,派位,010-64749287,北京市朝阳区利泽西园116,http://www.bjcsfx.com/csfx/catalog.jhtml?viewId=48,北京市朝阳区陈经纶中学分校/首都师范大学附属实验学校/,利泽西园 , 101号楼 102号楼 103号楼 104号楼 105号楼 106号楼 108号楼 109号楼 110号楼 111号楼 112号楼 117号楼 118号楼 119号楼 120号楼 121号楼 122号楼,
0,朝阳师范学校附属小学望京校区,公办,普通,派位,010-64749287,北京市朝阳区利泽西园116,http://www.bjcsfx.com/csfx/catalog.jhtml?viewId=48,北京市朝阳区陈经纶中学分校/首都师范大学附属实验学校/,上京新航线 , 302号楼 304号楼 305号楼 306号楼 308号楼 309号楼 310号楼 311号楼 312号楼 313号楼 315号楼,
0,朝阳师范学校附属小学望京校区,公办,普通,派位,010-64749287,北京市朝阳区利泽西园116,http://www.bjcsfx.com/csfx/catalog.jhtml?viewId=48,北京市朝阳区陈经纶中学分校/首都师范大学附属实验学校/,华彩国际公寓 , 1号楼 2号楼 3号楼 4号楼 5号楼 6号楼 7号楼 8号楼,
0,朝阳师范学校附属小学望京校区,公办,普通,派位,010-64749287,北京市朝阳区利泽西园116,http://www.bjcsfx.com/csfx/catalog.jhtml?viewId=48,北京市朝阳区陈经纶中学分校/首都师范大学附属实验学校/,雅特住区 , 113号楼 114号楼,
0,北京市朝阳区白家庄小学望京新城分校,白家庄小学望京校区/白家庄小学一分校/白家庄一分校,公办,市重点,九年一贯制,010-65074746,朝阳区望京西园四区408号楼,http://www.tfbx.net,北京教育科学研究院附属实验中学/,望京新城 , 401号楼、402号楼、403号楼、404号楼、405号楼、406号楼、407号楼、410乙号楼、410甲号楼、410号楼、411号楼、412号楼、413号楼、414号楼、415号楼、417号楼、418号楼、419号楼、420号楼、421号楼、422号楼、423号楼、424号楼、426号楼、427号楼
0,北京市朝阳区芳草地国际学校双花园校区,芳草地国际学校双花园校区,公办,区重点,直升,010-59642495,朝阳区双花园南里2区15号院1号楼,http://www.fcd.com.cn/fcd/catalog.jhtml?viewId=83,北京工业大学附属中学/,富力城D区 , 1号楼、2号楼、3号楼、5号楼、6号楼、7号楼、8号楼、9号楼、10号楼、11号楼、12号楼、15号楼、16号楼、17号楼、18号楼、19号楼、20号楼、21号楼、22号楼、23号楼、25号楼、26号楼、27号楼、28号楼、29号楼、30号楼、31号楼、32号楼、33号楼、35号楼、36号楼、37号楼、38号楼、39号楼、50号楼、51号楼、52号楼、53号楼、55号楼、56号楼、57号楼、58号楼、59号楼、60号楼、61号楼、62号楼
0,北京市朝阳区芳草地国际学校双花园校区,芳草地国际学校双花园校区,公办,区重点,直升,010-59642495,朝阳区双花园南里2区15号院1号楼,http://www.fcd.com.cn/fcd/catalog.jhtml?viewId=83,北京工业大学附属中学/,富力城A区 , 1号楼、2号楼、3号楼、5号楼、6号楼、7号楼、8号楼、9号楼
0,北京市朝阳区芳草地国际学校双花园校区,芳草地国际学校双花园校区,公办,区重点,直升,010-59642495,朝阳区双花园南里2区15号院1号楼,http://www.fcd.com.cn/fcd/catalog.jhtml?viewId=83,北京工业大学附属中学/,富力城C区 , 1号楼、2号楼、3号楼、5号楼、6号楼、7号楼、8号楼、9号楼、10号楼、11号楼、12号楼、15号楼
0,北京市朝阳区芳草地国际学校双花园校区,芳草地国际学校双花园校区,公办,区重点,直升,010-59642495,朝阳区双花园南里2区15号院1号楼,http://www.fcd.com.cn/fcd/catalog.jhtml?viewId=83,北京工业大学附属中学/,合生国际花园 , 1号楼、2号楼、3号楼、5号楼、6号楼、7号楼、8号楼、9号楼、10号楼、11号楼、12号楼、13号楼、15号楼、16号楼、17号楼、18号楼、19号楼、20号楼、21号楼、22号楼
0,北京市朝阳区芳草地国际学校双花园校区,芳草地国际学校双花园校区,公办,区重点,直升,010-59642495,朝阳区双花园南里2区15号院1号楼,http://www.fcd.com.cn/fcd/catalog.jhtml?viewId=83,北京工业大学附属中学/,富力十号 , A1号楼、D1栋、B3、B1、B2、2号楼、A3号楼、A2号楼、A5号楼
0,北京市朝阳区芳草地国际学校双花园校区,芳草地国际学校双花园校区,公办,区重点,直升,010-59642495,朝阳区双花园南里2区15号院1号楼,http://www.fcd.com.cn/fcd/catalog.jhtml?viewId=83,北京工业大学附属中学/,CBD总部公寓二期 , 6号楼、7号楼、8号楼、9号楼
0,北京市朝阳区芳草地国际学校双花园校区,芳草地国际学校双花园校区,公办,区重点,直升,010-59642495,朝阳区双花园南里2区15号院1号楼,http://www.fcd.com.cn/fcd/catalog.jhtml?viewId=83,北京工业大学附属中学/,双花园南里一区 , 1号楼、2号楼、3号楼、4号楼、5号楼、6号楼、7号楼、8号楼、9号楼、10号楼
0,北京市朝阳区芳草地国际学校双花园校区,芳草地国际学校双花园校区,公办,区重点,直升,010-59642495,朝阳区双花园南里2区15号院1号楼,http://www.fcd.com.cn/fcd/catalog.jhtml?viewId=83,北京工业大学附属中学/,富力城B区 , 1号楼、2号楼、3号楼、5号楼、6号楼、7号楼、8号楼、9号楼、10号楼、11号楼、12号楼
0,北京市朝阳区芳草地国际学校双花园校区,芳草地国际学校双花园校区,公办,区重点,直升,010-59642495,朝阳区双花园南里2区15号院1号楼,http://www.fcd.com.cn/fcd/catalog.jhtml?viewId=83,北京工业大学附属中学/,富力城E区 , 5号楼、9号楼、11号楼、10号楼、20号楼、21号楼、22号楼、23号楼、25号楼、26号楼、27号楼
0,北京市朝阳区芳草地国际学校双花园校区,芳草地国际学校双花园校区,公办,区重点,直升,010-59642495,朝阳区双花园南里2区15号院1号楼,http://www.fcd.com.cn/fcd/catalog.jhtml?viewId=83,北京工业大学附属中学/,双花园南里二区 , 1号楼、2号楼、3号楼、4号楼、5号楼、8号楼、10号楼
0,北京市朝阳区芳草地国际学校双花园校区,芳草地国际学校双花园校区,公办,区重点,直升,010-59642495,朝阳区双花园南里2区15号院1号楼,http://www.fcd.com.cn/fcd/catalog.jhtml?viewId=83,北京工业大学附属中学/,CBD总部公寓一期 , 11号楼、12号楼、13号楼、14号楼
0,北京市朝阳区芳草地国际学校双花园校区,芳草地国际学校双花园校区,公办,区重点,直升,010-59642495,朝阳区双花园南里2区15号院1号楼,http://www.fcd.com.cn/fcd/catalog.jhtml?viewId=83,北京工业大学附属中学/,海关总署 , 11号楼、12号楼、13号楼、14号楼
0,北京市樱花园实验学校,樱花实验学校,公办,区重点,九年一贯制,010-64428363,北京市朝阳区樱花园小区16号楼,http://www.yhysyxx.cn/yhy/,北京市樱花园实验学校/,胜古南里 , 1号楼、2号楼、3号楼、4号楼、5号楼、6号楼、7号楼、8号楼、9号楼、10号楼、11号楼、12号楼、13号楼、14号楼、16号楼、17号楼、18号楼、19号楼、20号楼、21号楼、22号楼、23号楼、24号楼、25号楼、26号楼、27号楼、28号楼、29号楼、33号楼、34号楼、35号楼、36号楼、37号楼、38号楼
0,北京市樱花园实验学校,樱花实验学校,公办,区重点,九年一贯制,010-64428363,北京市朝阳区樱花园小区16号楼,http://www.yhysyxx.cn/yhy/,北京市樱花园实验学校/,樱花园 , 3号楼、4号楼、5号楼、甲5号楼、6号楼、7号楼、8号楼、9号楼、甲8号楼、10号楼、11号楼、12号楼、13号楼、19号楼、21号楼、22号楼、23号楼、24号楼、25号楼、26号楼、27号楼、28号楼、29号楼、30号楼
0,北京市樱花园实验学校,樱花实验学校,公办,区重点,九年一贯制,010-64428363,北京市朝阳区樱花园小区16号楼,http://www.yhysyxx.cn/yhy/,北京市樱花园实验学校/,国典华园 , 1号楼、2号楼、3号楼、4号楼、5号楼、6号楼、7号楼
0,北京市樱花园实验学校,樱花实验学校,公办,区重点,九年一贯制,010-64428363,北京市朝阳区樱花园小区16号楼,http://www.yhysyxx.cn/yhy/,北京市樱花园实验学校/,胜古北里 , 1号楼、2号楼、3号楼、4号楼、5号楼、甲6号楼、6号楼、7号楼、15号楼、16号楼、17号楼、18号楼、19号楼、20号楼、21号楼、22号楼、23号楼
0,北京市樱花园实验学校,樱花实验学校,公办,区重点,九年一贯制,010-64428363,北京市朝阳区樱花园小区16号楼,http://www.yhysyxx.cn/yhy/,北京市樱花园实验学校/,胜古东里 , 1号楼、2号楼、3号楼、4号楼、5号楼
0,北京市樱花园实验学校,樱花实验学校,公办,区重点,九年一贯制,010-64428363,北京市朝阳区樱花园小区16号楼,http://www.yhysyxx.cn/yhy/,北京市樱花园实验学校/,胜古馨园 , 1号楼、2号楼、3号楼、4号楼、5号楼
0,北京市樱花园实验学校,樱花实验学校,公办,区重点,九年一贯制,010-64428363,北京市朝阳区樱花园小区16号楼,http://www.yhysyxx.cn/yhy/,北京市樱花园实验学校/,樱花东街 , 9号楼、11号楼
0,北京市朝阳师范学校附属小学西坝河校区,朝师附小西坝河校区/西坝河三小,公办,区重点,直升,010-64294669,北京市朝阳区西坝河东里,http://www.bjcsfx.com/csfx/catalog.jhtml?viewId=49,清华大学附属中学朝阳学校/,UHN国际村 , 一期1号楼、三期2号楼、三期4号楼、5号楼、三期6号楼、二期7号楼、二期9号楼、三期10号楼、11号楼、13号楼、15号楼、17号楼
0,北京市朝阳师范学校附属小学西坝河校区,朝师附小西坝河校区/西坝河三小,公办,区重点,直升,010-64294669,北京市朝阳区西坝河东里,http://www.bjcsfx.com/csfx/catalog.jhtml?viewId=49,清华大学附属中学朝阳学校/,曙光里 , 8号楼、9号楼、10号楼、11号楼、12号楼、13号楼、14号楼、15号楼、16号楼、17号楼、18号楼、19号楼、20号楼、21号楼、22号楼、23号楼、24号楼、26号楼、28号楼、29号楼、30号楼、31号楼、32号楼、33号楼、34号楼、35号楼、36号楼、37号楼、38号楼、39号楼、40号楼、41号楼、42号楼、43号楼、44号楼
0,北京市朝阳师范学校附属小学西坝河校区,朝师附小西坝河校区/西坝河三小,公办,区重点,直升,010-64294669,北京市朝阳区西坝河东里,http://www.bjcsfx.com/csfx/catalog.jhtml?viewId=49,清华大学附属中学朝阳学校/,西坝河东里 , 3号楼、4号楼、5号楼、6号楼、7号楼、8号楼、9号楼、平房9号、10号楼、11号楼、12号楼、13号楼、15号楼、16号楼、17号楼、23号楼、24号楼、25号楼、26号楼、27号楼、29号楼、30号楼、31号楼、32号楼、33号楼、34号楼、35号楼、36号楼、37号楼、39号楼、41号楼、43号楼、45号楼、47号楼、49号楼、51号楼、53号楼、55号楼、57号楼、59号楼、63号楼、67号楼、69号楼、77号楼、79号楼、81号楼、83号楼、85号楼、87号楼、89号楼、93号楼、95号楼、97号楼、99号楼、105号楼、107号楼、109号楼、111号楼、117号楼、119号楼、121号楼、123号楼、125号楼
0,北京市朝阳师范学校附属小学西坝河校区,朝师附小西坝河校区/西坝河三小,公办,区重点,直升,010-64294669,北京市朝阳区西坝河东里,http://www.bjcsfx.com/csfx/catalog.jhtml?viewId=49,清华大学附属中学朝阳学校/,曙光西里 , 2号楼、4号楼、6号楼、8号楼、10号楼、12号楼、14号楼、16号楼、18号楼、20号楼、22号楼
0,北京市朝阳师范学校附属小学西坝河校区,朝师附小西坝河校区/西坝河三小,公办,区重点,直升,010-64294669,北京市朝阳区西坝河东里,http://www.bjcsfx.com/csfx/catalog.jhtml?viewId=49,清华大学附属中学朝阳学校/,尚家楼48号院 , 1号楼、2号楼、3号楼、4号楼
0,北京市陈经纶中学嘉铭分校本校区,陈经纶中学嘉铭分校,公办,市重点,九年一贯制,010-84857604,北苑路86号院嘉铭园三区7,http://www.bjcjl.net,陈经纶中学嘉铭分校/,紫薇天悦 , 0号楼、1号楼、2号楼、3号楼、4号楼、5号楼、6号楼、7号楼、21号院1号楼
0,北京市陈经纶中学嘉铭分校本校区,陈经纶中学嘉铭分校,公办,市重点,九年一贯制,010-84857604,北苑路86号院嘉铭园三区7,http://www.bjcjl.net,陈经纶中学嘉铭分校/,一瓶四和院 , 1号楼、2号楼、3号楼
0,北京市陈经纶中学嘉铭分校本校区,陈经纶中学嘉铭分校,公办,市重点,九年一贯制,010-84857604,北苑路86号院嘉铭园三区7,http://www.bjcjl.net,陈经纶中学嘉铭分校/,嘉铭桐城C区 , 1号楼、2号楼、3号楼、4号楼、5号楼
0,北京市陈经纶中学嘉铭分校本校区,陈经纶中学嘉铭分校,公办,市重点,九年一贯制,010-84857604,北苑路86号院嘉铭园三区7,http://www.bjcjl.net,陈经纶中学嘉铭分校/,主场 , 1号楼、2号楼、3号楼
0,北京市陈经纶中学嘉铭分校本校区,陈经纶中学嘉铭分校,公办,市重点,九年一贯制,010-84857604,北苑路86号院嘉铭园三区7,http://www.bjcjl.net,陈经纶中学嘉铭分校/,嘉铭桐城A区 , 5号楼、6号楼
0,北京市陈经纶中学嘉铭分校本校区,陈经纶中学嘉铭分校,公办,市重点,九年一贯制,010-84857604,北苑路86号院嘉铭园三区7,http://www.bjcjl.net,陈经纶中学嘉铭分校/,嘉铭桐城D区 , 205号楼、206号楼、207号楼、208号楼、209号楼、210号楼
0,北京市陈经纶中学嘉铭分校本校区,陈经纶中学嘉铭分校,公办,市重点,九年一贯制,010-84857604,北苑路86号院嘉铭园三区7,http://www.bjcjl.net,陈经纶中学嘉铭分校/,嘉铭桐城E区 , 213号楼、215号楼、216号楼
0,北京市陈经纶中学嘉铭分校本校区,陈经纶中学嘉铭分校,公办,市重点,九年一贯制,010-84857604,北苑路86号院嘉铭园三区7,http://www.bjcjl.net,陈经纶中学嘉铭分校/,嘉铭桐城F区 , 301号楼、302号楼、303号楼、304号楼、305号楼
0,北京市陈经纶中学嘉铭分校本校区,陈经纶中学嘉铭分校,公办,市重点,九年一贯制,010-84857604,北苑路86号院嘉铭园三区7,http://www.bjcjl.net,陈经纶中学嘉铭分校/,嘉铭桐城B区 , 7号楼、8号楼
0,北京市陈经纶中学嘉铭分校本校区,陈经纶中学嘉铭分校,公办,市重点,九年一贯制,010-84857604,北苑路86号院嘉铭园三区7,http://www.bjcjl.net,陈经纶中学嘉铭分校/,宝石花苑 , 12号楼
0,北京市朝阳区第二实验小学管庄校区,朝阳实验二小管庄校区/管庄小学/管庄中心小学,公办,市重点,直升、派位,010-65713171,北京市朝阳区管庄东里55号,http://www.bjcygx.com,北京市第八十中学管庄分校/,管庄西里 , 1号楼、2号楼、3号楼、管庄路3号楼、4号楼、5号楼、甲5号楼、6号楼、7号楼、8号楼、9号楼、10号楼、11号楼、12号楼、13号楼、14号楼、15号楼、16号楼、17号楼、18号楼、19号楼、20号楼、21号楼、22号楼、23号楼、24号楼、25号楼、26号楼、27号楼、28号楼、29号楼、30号楼、31号楼、32号楼、44号楼、45号楼、46号楼、51号楼、52号楼、53号楼、54号楼、55号楼、56号楼、57号楼、58号楼、59号楼、62号楼、63号楼、64号楼、65号楼、66号楼、67号楼、68号楼、69号楼、71号楼、74号楼、75号楼、76号楼
0,北京市朝阳区第二实验小学管庄校区,朝阳实验二小管庄校区/管庄小学/管庄中心小学,公办,市重点,直升、派位,010-65713171,北京市朝阳区管庄东里55号,http://www.bjcygx.com,北京市第八十中学管庄分校/,尚东阁 , 1号楼、2号楼
0,北京市朝阳区第二实验小学管庄校区,朝阳实验二小管庄校区/管庄小学/管庄中心小学,公办,市重点,直升、派位,010-65713171,北京市朝阳区管庄东里55号,http://www.bjcygx.com,北京市第八十中学管庄分校/,建东苑 , 1号楼、2号楼、3号楼、4号楼、5号楼、6号楼、7号楼、8号楼、9号楼、10号楼、11号楼、12号楼、13号楼、14号楼、15号楼、16号楼、17号楼、20号楼、21号楼、22号楼、23号楼、24号楼、25号楼、26号楼、27号楼、35号楼、36号楼
0,北京市朝阳区第二实验小学管庄校区,朝阳实验二小管庄校区/管庄小学/管庄中心小学,公办,市重点,直升、派位,010-65713171,北京市朝阳区管庄东里55号,http://www.bjcygx.com,北京市第八十中学管庄分校/,管庄北二里 , 2号楼、1号楼
0,北京市朝阳区第二实验小学管庄校区,朝阳实验二小管庄校区/管庄小学/管庄中心小学,公办,市重点,直升、派位,010-65713171,北京市朝阳区管庄东里55号,http://www.bjcygx.com,北京市第八十中学管庄分校/,烟厂宿舍 , 34号楼、35号楼、36号楼、37号楼、38号楼、39号楼、40号楼、41号楼、60号楼、61号楼
0,北京市朝阳区第二实验小学管庄校区,朝阳实验二小管庄校区/管庄小学/管庄中心小学,公办,市重点,直升、派位,010-65713171,北京市朝阳区管庄东里55号,http://www.bjcygx.com,北京市第八十中学管庄分校/,管庄东里 , 2号楼、3号楼、4号楼、5号楼、6号楼、7号楼、8号楼、9号楼、10号楼、11号楼、12号楼、13号楼、14号楼、15号楼、16号楼、17号楼、18号楼、19号楼、20号楼、21号楼、22号楼、24号楼、25号楼、26号楼、27号楼、29号楼、33号楼、34号楼、35号楼、37号楼、38号楼、39号楼、40号楼、41号楼、42号楼、43号楼、44号楼、45号楼、甲45号楼、46号楼、47号楼、48号楼、49号楼、52号楼、53号楼、54号楼、55号楼、56号楼、57号楼、58号楼、59号楼、60号楼、61号楼、62号楼、63号楼、64号楼、65号楼、66号楼、67号楼、甲21
0,北京市朝阳区第二实验小学管庄校区,朝阳实验二小管庄校区/管庄小学/管庄中心小学,公办,市重点,直升、派位,010-65713171,北京市朝阳区管庄东里55号,http://www.bjcygx.com,北京市第八十中学管庄分校/,管庄北一里 , 1号楼、2号楼、3号楼、4号楼、9号楼、11号楼、18号楼、19号楼
